-- MySQL dump 10.13  Distrib 5.1.52, for redhat-linux-gnu (i386)
--
-- Host: localhost    Database: codecracker
-- ------------------------------------------------------
-- Server version	5.1.52

/*!40101 SET @OLD_CHARACTER_SET_CLIENT=@@CHARACTER_SET_CLIENT */;
/*!40101 SET @OLD_CHARACTER_SET_RESULTS=@@CHARACTER_SET_RESULTS */;
/*!40101 SET @OLD_COLLATION_CONNECTION=@@COLLATION_CONNECTION */;
/*!40101 SET NAMES utf8 */;
/*!40103 SET @OLD_TIME_ZONE=@@TIME_ZONE */;
/*!40103 SET TIME_ZONE='+00:00' */;
/*!40014 SET @OLD_UNIQUE_CHECKS=@@UNIQUE_CHECKS, UNIQUE_CHECKS=0 */;
/*!40014 SET @OLD_FOREIGN_KEY_CHECKS=@@FOREIGN_KEY_CHECKS, FOREIGN_KEY_CHECKS=0 */;
/*!40101 SET @OLD_SQL_MODE=@@SQL_MODE, SQL_MODE='NO_AUTO_VALUE_ON_ZERO' */;
/*!40111 SET @OLD_SQL_NOTES=@@SQL_NOTES, SQL_NOTES=0 */;

--
-- Table structure for table `compiler`
--

DROP TABLE IF EXISTS `compiler`;
/*!40101 SET @saved_cs_client     = @@character_set_client */;
/*!40101 SET character_set_client = utf8 */;
CREATE TABLE `compiler` (
  `cid` int(11) NOT NULL,
  `time` varchar(80) DEFAULT 'N/A',
  `tname` varchar(20) DEFAULT NULL,
  `problemid` varchar(5) DEFAULT NULL,
  `result` varchar(25) DEFAULT NULL,
  `runningtime` varchar(10) DEFAULT 'N/A',
  `memory` varchar(15) DEFAULT 'N/A',
  `language` varchar(10) DEFAULT 'N/A',
  PRIMARY KEY (`cid`)
) ENGINE=MyISAM DEFAULT CHARSET=latin1;
/*!40101 SET character_set_client = @saved_cs_client */;

--
-- Dumping data for table `compiler`
--

LOCK TABLES `compiler` WRITE;
/*!40000 ALTER TABLE `compiler` DISABLE KEYS */;
INSERT INTO `compiler` VALUES (1,'31-07-2010 16:37:19','admin','1','Correct Answer','0.0507','N/A','N/A'),(4,'31-07-2010 17:48:16','kumar','1','Correct Answer','0.0101','N/A','N/A'),(5,'31-07-2010 17:56:04','kumar','2','Correct Answer','0.0119','N/A','N/A'),(6,'31-07-2010 21:32:19','losers','1','Time Limit Exceeded','4.0000','N/A','N/A'),(7,'31-07-2010 22:00:51','mshawki86','1','Compilation Error','0.0000','N/A','N/A'),(8,'31-07-2010 22:03:30','mshawki86','1','Compilation Error','0.0000','N/A','N/A'),(9,'31-07-2010 22:08:19','mshawki86','1','Compilation Error','0.0000','N/A','N/A'),(10,'31-07-2010 22:13:01','mshawki86','1','Compilation Error','0.0000','N/A','N/A'),(11,'31-07-2010 22:15:11','mshawki86','1','Compilation Error','0.0000','N/A','N/A'),(12,'31-07-2010 22:19:14','mshawki86','1','Compilation Error','0.0000','N/A','N/A'),(13,'31-07-2010 22:30:29','admin','2','Time Limit Exceeded','4.0000','N/A','N/A'),(14,'31-07-2010 22:53:48','losers','1','Time Limit Exceeded','4.0000','N/A','N/A'),(15,'31-07-2010 22:54:30','losers','1','Time Limit Exceeded','4.0000','N/A','N/A'),(16,'31-07-2010 23:50:35','streetfi8er','1','Correct Answer','0.0625','N/A','N/A'),(17,'31-07-2010 23:53:48','streetfi8er','2','Correct Answer','0.0255','N/A','N/A'),(18,'01-08-2010 01:37:26','streetfi8er','4','Wrong Answer','0.0751','N/A','N/A'),(19,'01-08-2010 07:06:36','kumar','3','Abnormal Termination','0.4463','N/A','N/A'),(20,'01-08-2010 09:17:31','kumar','3','Abnormal Termination','0.0465','N/A','N/A'),(21,'01-08-2010 09:22:59','kumar','3','Correct Answer','0.0388','N/A','N/A'),(23,'01-08-2010 15:41:56','streetfi8er','4','Correct Answer','0.0243','N/A','N/A'),(22,'01-08-2010 15:36:25','streetfi8er','4','Correct Answer','0.0441','N/A','N/A'),(24,'01-08-2010 15:43:18','kumar','4','Wrong Answer','0.0415','N/A','N/A'),(25,'01-08-2010 15:44:09','kumar','4','Wrong Answer','0.0214','N/A','N/A'),(26,'01-08-2010 15:45:46','kumar','4','Wrong Answer','0.0425','N/A','N/A'),(27,'01-08-2010 15:57:17','admin','1','Problem already solved','0.0000','N/A','N/A'),(28,'01-08-2010 15:59:05','kumar','4','Correct Answer','0.0086','N/A','N/A'),(29,'01-08-2010 16:46:40','streetfi8er','5','Correct Answer','0.0543','N/A','N/A'),(30,'01-08-2010 17:03:30','streetfi8er','1','Problem already solved','0.0000','N/A','N/A'),(31,'01-08-2010 19:07:32','ripper','4','Correct Answer','0.0134','N/A','N/A'),(32,'01-08-2010 22:13:39','admin','6','Correct Answer','0.0525','N/A','N/A'),(33,'01-08-2010 22:49:14','admin','2','Compilation Error','0.0000','N/A','N/A'),(34,'01-08-2010 22:53:58','admin','2','Compilation Error','0.0000','N/A','N/A'),(35,'01-08-2010 22:54:27','admin','2','Compilation Error','0.0000','N/A','N/A'),(36,'01-08-2010 22:55:48','admin','2','Compilation Error','0.0000','N/A','N/A'),(37,'01-08-2010 22:56:15','admin','3','Compilation Error','0.0000','N/A','N/A'),(38,'01-08-2010 22:58:12','beginners','4','Wrong Answer','0.0476','N/A','N/A'),(39,'01-08-2010 23:00:24','beginners','4','Wrong Answer','0.0442','N/A','N/A'),(40,'01-08-2010 23:05:49','krad.4sh1sh','1','Correct Answer','0.0386','N/A','N/A'),(41,'01-08-2010 23:08:01','krad.4sh1sh','2','Correct Answer','0.0445','N/A','N/A'),(42,'01-08-2010 23:24:28','beginners','2','Correct Answer','0.0372','N/A','N/A'),(43,'01-08-2010 23:25:38','krad.4sh1sh','3','Wrong Answer','0.0463','N/A','N/A'),(44,'01-08-2010 23:34:59','bhambhani','2','Correct Answer','0.0695','N/A','N/A'),(45,'01-08-2010 23:45:40','krad.4sh1sh','4','Wrong Answer','0.0510','N/A','N/A'),(46,'01-08-2010 23:46:06','beginners','5','Correct Answer','0.0710','N/A','N/A'),(47,'01-08-2010 23:54:13','beginners','1','Correct Answer','0.0387','N/A','N/A'),(48,'02-08-2010 00:04:35','bhambhani','5','Correct Answer','0.0270','N/A','N/A'),(49,'02-08-2010 00:19:58','streetfi8er','3','Wrong Answer','1.7288','N/A','N/A'),(50,'02-08-2010 04:28:07','admin','1','Problem already solved','0.0000','N/A','N/A'),(51,'02-08-2010 12:47:32','admin','2','Compilation Error','0.0000','N/A','N/A'),(52,'02-08-2010 14:19:41','streetfi8er','3','Wrong Answer','1.3700','N/A','N/A'),(53,'02-08-2010 14:27:14','streetfi8er','3','Correct Answer','0.1806','N/A','N/A'),(54,'02-08-2010 16:47:21','wyuka','1','Compilation Error','0.0000','N/A','N/A'),(55,'02-08-2010 17:41:26','nigami','6','Correct Answer','0.0480','N/A','N/A'),(56,'02-08-2010 18:01:15','wyuka','1','Correct Answer','0.0357','N/A','N/A'),(57,'02-08-2010 18:11:03','nigami','5','Correct Answer','0.0508','N/A','N/A'),(58,'02-08-2010 18:20:31','him21sri','1','Correct Answer','0.1475','N/A','N/A'),(59,'02-08-2010 18:33:08','nigami','4','Correct Answer','0.0786','N/A','N/A'),(60,'02-08-2010 18:39:45','him21sri','4','Correct Answer','0.0065','N/A','N/A'),(61,'02-08-2010 18:46:43','beginners','4','Compilation Error','0.0000','N/A','N/A'),(62,'02-08-2010 18:49:01','beginners','4','Correct Answer','0.0649','N/A','N/A'),(63,'02-08-2010 22:42:02','admin','1','Problem already solved','0.0000','N/A','N/A'),(64,'02-08-2010 23:18:51','beginners','6','Wrong Answer','0.0298','N/A','N/A'),(65,'03-08-2010 03:46:30','vizor','4','Abnormal Termination','1.4931','N/A','N/A'),(66,'03-08-2010 04:16:35','Pran','1','Correct Answer','0.0666','N/A','N/A'),(67,'03-08-2010 04:22:05','Pran','2','Correct Answer','0.0666','N/A','N/A'),(68,'03-08-2010 06:44:31','Pran','3','Correct Answer','0.0632','N/A','N/A'),(69,'03-08-2010 07:28:57','Pran','4','Compilation Error','0.0000','N/A','N/A'),(70,'03-08-2010 07:30:23','Pran','4','Abnormal Termination','0.0484','N/A','N/A'),(71,'03-08-2010 07:33:13','Pran','4','Abnormal Termination','0.0703','N/A','N/A'),(72,'03-08-2010 08:09:16','Pran','5','Correct Answer','0.0736','N/A','N/A'),(73,'03-08-2010 08:23:35','eagleeye','1','Correct Answer','0.4076','N/A','N/A'),(74,'03-08-2010 08:25:57','eagleeye','2','Correct Answer','0.0775','N/A','N/A'),(75,'03-08-2010 09:58:15','binary_termite','1','Correct Answer','0.0429','N/A','N/A'),(76,'03-08-2010 10:17:34','binary_termite','4','Wrong Answer','0.0449','N/A','N/A'),(77,'03-08-2010 10:21:48','binary_termite','4','Wrong Answer','0.0478','N/A','N/A'),(78,'03-08-2010 10:54:56','binary_termite','5','Correct Answer','0.0695','N/A','N/A'),(79,'03-08-2010 10:58:40','binary_termite','2','Correct Answer','0.0695','N/A','N/A'),(80,'03-08-2010 16:00:50','krad.4sh1sh','5','Wrong Answer','0.0319','N/A','N/A'),(81,'03-08-2010 16:03:19','krad.4sh1sh','5','Correct Answer','0.0701','N/A','N/A'),(82,'03-08-2010 16:07:32','binary_termite','4','Wrong Answer','0.0700','N/A','N/A'),(83,'03-08-2010 16:14:10','binary_termite','4','Correct Answer','0.0179','N/A','N/A'),(84,'03-08-2010 18:38:08','wyuka','2','Wrong Answer','0.0197','N/A','N/A'),(85,'03-08-2010 18:38:44','wyuka','2','Correct Answer','0.0549','N/A','N/A'),(86,'03-08-2010 21:42:07','codecracker','1','Compilation Error','0.0000','N/A','N/A'),(87,'03-08-2010 21:45:15','codecracker','1','Compilation Error','0.0000','N/A','N/A'),(88,'03-08-2010 21:47:10','codecracker','1','Compilation Error','0.0000','N/A','N/A'),(89,'03-08-2010 21:55:37','codecracker','2','Compilation Error','0.0000','N/A','N/A'),(90,'04-08-2010 09:28:08','NUMBE3R','1','Correct Answer','0.2894','N/A','N/A'),(91,'04-08-2010 09:31:12','NUMBE3R','2','Correct Answer','0.0268','N/A','N/A'),(92,'04-08-2010 09:36:02','NUMBE3R','3','Wrong Answer','0.0412','N/A','N/A'),(93,'04-08-2010 13:00:05','manishmap2','5','Correct Answer','0.0172','N/A','N/A'),(94,'04-08-2010 13:10:02','manishmap2','4','Correct Answer','0.0559','N/A','N/A'),(95,'04-08-2010 13:13:29','manishmap2','2','Correct Answer','0.0422','N/A','N/A'),(96,'04-08-2010 13:24:02','manishmap2','1','Correct Answer','0.0570','N/A','N/A'),(97,'04-08-2010 13:37:59','manishmap2','3','Correct Answer','0.0697','N/A','N/A'),(98,'04-08-2010 15:26:52','Dcode','1','Compilation Error','0.0000','N/A','N/A'),(99,'04-08-2010 15:27:12','Dcode','1','Compilation Error','0.0000','N/A','N/A'),(100,'04-08-2010 15:27:55','Dcode','1','Compilation Error','0.0000','N/A','N/A'),(101,'04-08-2010 16:33:38','Sharks','1','Compilation Error','0.0000','N/A','N/A'),(102,'04-08-2010 17:18:19','Sharks','1','Correct Answer','0.0176','N/A','N/A'),(103,'04-08-2010 18:47:28','admin','1','Problem already solved','0.0000','N/A','N/A'),(104,'04-08-2010 19:55:35','Sharks','2','Correct Answer','0.0454','N/A','N/A'),(105,'04-08-2010 21:14:29','D_CoDe','5','Compilation Error','0.0000','N/A','N/A'),(106,'04-08-2010 21:16:08','Dcode','1','Correct Answer','0.0588','N/A','N/A'),(107,'04-08-2010 21:16:44','Dcode','1','Problem already solved','0.0000','N/A','N/A'),(108,'04-08-2010 21:29:28','Dcode','2','Wrong Answer','0.0365','N/A','N/A'),(109,'04-08-2010 21:29:57','Dcode','2','Wrong Answer','0.0368','N/A','N/A'),(110,'04-08-2010 21:33:08','Dcode','2','Wrong Answer','0.0729','N/A','N/A'),(111,'04-08-2010 22:09:06','uog','4','Wrong Answer','0.0380','N/A','N/A'),(112,'04-08-2010 22:09:43','uog','4','Wrong Answer','0.0402','N/A','N/A'),(113,'04-08-2010 22:10:04','coderocker','2','Compilation Error','0.0000','N/A','N/A'),(114,'04-08-2010 22:11:15','uog','4','Correct Answer','0.0693','N/A','N/A'),(115,'04-08-2010 22:13:51','coderocker','2','Compilation Error','0.0000','N/A','N/A'),(116,'04-08-2010 22:18:04','coderocker','2','Wrong Answer','0.0710','N/A','N/A'),(117,'04-08-2010 22:26:23','Rocker','1','Wrong Answer','0.1124','N/A','N/A'),(118,'04-08-2010 22:30:55','Rocker','2','Abnormal Termination','0.0098','N/A','N/A'),(119,'04-08-2010 22:43:20','admin','1','Compilation Error','0.0000','N/A','N/A'),(120,'04-08-2010 22:43:53','admin','1','Wrong Answer','0.0304','N/A','N/A'),(121,'04-08-2010 22:44:42','admin','1','Wrong Answer','0.0540','N/A','N/A'),(122,'04-08-2010 22:45:40','timepass','2','Wrong Answer','0.0101','N/A','N/A'),(123,'04-08-2010 22:47:21','admin','5','Wrong Answer','0.0278','N/A','N/A'),(124,'04-08-2010 22:49:01','NUMBE3R','2','Abnormal Termination','0.1042','N/A','N/A'),(125,'04-08-2010 22:49:51','krad.4sh1sh','2','Correct Answer','0.0724','N/A','N/A'),(126,'04-08-2010 22:51:23','admin','5','Correct Answer','0.0278','N/A','N/A'),(127,'04-08-2010 22:52:16','admin','1','Correct Answer','0.0480','N/A','N/A'),(128,'04-08-2010 22:52:30','admin','2','Compilation Error','0.0000','N/A','N/A'),(129,'04-08-2010 22:52:49','admin','2','Correct Answer','0.0706','N/A','N/A'),(130,'04-08-2010 22:53:02','bhambhani','1','Correct Answer','0.0487','N/A','N/A'),(131,'04-08-2010 22:53:48','admin','3','Correct Answer','0.0401','N/A','N/A'),(132,'04-08-2010 22:54:05','admin','4','Correct Answer','0.0957','N/A','N/A'),(133,'04-08-2010 22:56:43','foolz','1','Correct Answer','0.0061','N/A','N/A'),(134,'04-08-2010 22:56:46','Sharks','1','Time Limit Exceeded','4.0000','N/A','N/A'),(135,'04-08-2010 22:56:58','manishmap2','2','Correct Answer','0.0030','N/A','N/A'),(136,'04-08-2010 22:59:46','NUMBE3R','4','Abnormal Termination','0.0323','N/A','N/A'),(137,'04-08-2010 23:00:04','NUMBE3R','2','Abnormal Termination','0.0354','N/A','N/A'),(138,'04-08-2010 23:00:58','NUMBE3R','2','Abnormal Termination','0.0275','N/A','N/A'),(139,'04-08-2010 23:01:13','NUMBE3R','2','Abnormal Termination','0.0291','N/A','N/A'),(140,'04-08-2010 23:02:13','bhambhani','2','Correct Answer','0.0405','N/A','N/A'),(141,'04-08-2010 23:02:33','wyuka','1','Correct Answer','0.0152','N/A','N/A'),(142,'04-08-2010 23:03:21','streetfi8er','1','Wrong Answer','1.7050','N/A','N/A'),(143,'04-08-2010 23:04:39','kumar','1','Correct Answer','0.0081','N/A','N/A'),(144,'04-08-2010 23:05:15','Sharks','1','Time Limit Exceeded','4.0000','N/A','N/A'),(145,'04-08-2010 23:06:03','Sharks','1','Time Limit Exceeded','4.0000','N/A','N/A'),(146,'04-08-2010 23:07:03','him21sri','2','Wrong Answer','0.0085','N/A','N/A'),(147,'04-08-2010 23:08:56','foolz','2','Correct Answer','0.1357','N/A','N/A'),(148,'04-08-2010 23:09:24','Pran','2','Wrong Answer','0.0041','N/A','N/A'),(149,'04-08-2010 23:10:27','Sharks','1','Correct Answer','0.0240','N/A','N/A'),(150,'04-08-2010 23:12:02','timepass','1','Wrong Answer','0.0358','N/A','N/A'),(151,'04-08-2010 23:12:19','beginners','2','Correct Answer','0.0694','N/A','N/A'),(152,'04-08-2010 23:12:45','Sharks','2','Correct Answer','0.0716','N/A','N/A'),(153,'04-08-2010 23:14:44','him21sri','2','Wrong Answer','0.0172','N/A','N/A'),(154,'04-08-2010 23:16:01','timepass','2','Correct Answer','0.0772','N/A','N/A'),(155,'04-08-2010 23:16:55','timepass','1','Wrong Answer','0.0806','N/A','N/A'),(156,'04-08-2010 23:17:06','Rocker','1','Abnormal Termination','0.0695','N/A','N/A'),(157,'04-08-2010 23:17:46','timepass','1','Wrong Answer','0.0083','N/A','N/A'),(158,'04-08-2010 23:17:53','krad.4sh1sh','4','Wrong Answer','0.0100','N/A','N/A'),(159,'04-08-2010 23:19:06','wyuka','2','Correct Answer','0.0646','N/A','N/A'),(160,'04-08-2010 23:19:43','Dcode','1','Compilation Error','0.0000','N/A','N/A'),(161,'04-08-2010 23:20:07','Pran','2','Wrong Answer','0.0312','N/A','N/A'),(162,'04-08-2010 23:20:27','Dcode','1','Compilation Error','0.0000','N/A','N/A'),(163,'04-08-2010 23:21:19','timepass','1','Wrong Answer','0.0089','N/A','N/A'),(164,'04-08-2010 23:22:25','nigami','1','Wrong Answer','0.0694','N/A','N/A'),(165,'04-08-2010 23:23:30','sagarchaks','1','Compilation Error','0.0000','N/A','N/A'),(166,'04-08-2010 23:24:41','Dcode','1','Compilation Error','0.0000','N/A','N/A'),(167,'04-08-2010 23:24:55','ArjBasu','1','Compilation Error','0.0000','N/A','N/A'),(168,'04-08-2010 23:25:41','Dcode','1','Compilation Error','0.0000','N/A','N/A'),(169,'04-08-2010 23:26:20','NUMBE3R','1','Abnormal Termination','0.0824','N/A','N/A'),(170,'04-08-2010 23:26:20','Dcode','1','Compilation Error','0.0000','N/A','N/A'),(171,'04-08-2010 23:26:45','ArjBasu','1','Compilation Error','0.0000','N/A','N/A'),(172,'04-08-2010 23:26:55','NUMBE3R','1','Abnormal Termination','0.0253','N/A','N/A'),(173,'04-08-2010 23:28:09','Dcode','1','Compilation Error','0.0000','N/A','N/A'),(174,'04-08-2010 23:30:07','kumar','2','Wrong Answer','0.0091','N/A','N/A'),(175,'04-08-2010 23:30:11','Pran','1','Correct Answer','0.0328','N/A','N/A'),(176,'04-08-2010 23:30:44','Pran','2','Wrong Answer','0.0302','N/A','N/A'),(177,'04-08-2010 23:30:53','nigami','1','Wrong Answer','0.0541','N/A','N/A'),(178,'04-08-2010 23:31:01','sagarchaks','1','Wrong Answer','0.0705','N/A','N/A'),(179,'04-08-2010 23:32:48','krad.4sh1sh','3','Wrong Answer','0.0112','N/A','N/A'),(180,'04-08-2010 23:33:28','NUMBE3R','1','Abnormal Termination','0.0337','N/A','N/A'),(181,'04-08-2010 23:35:05','Pran','2','Compilation Error','0.0000','N/A','N/A'),(182,'04-08-2010 23:35:12','D_CoDe','1','Compilation Error','0.0000','N/A','N/A'),(183,'04-08-2010 23:35:14','NUMBE3R','1','Abnormal Termination','0.0290','N/A','N/A'),(184,'04-08-2010 23:35:21','admin','1','Wrong Answer','0.1171','N/A','N/A'),(185,'04-08-2010 23:36:23','ArjBasu','1','Compilation Error','0.0000','N/A','N/A'),(186,'04-08-2010 23:36:51','D_CoDe','1','Compilation Error','0.0000','N/A','N/A'),(187,'04-08-2010 23:36:54','beginners','1','Correct Answer','0.0068','N/A','N/A'),(188,'04-08-2010 23:37:05','Pran','2','Wrong Answer','0.0243','N/A','N/A'),(189,'04-08-2010 23:40:01','admin','1','Abnormal Termination','0.0962','N/A','N/A'),(190,'04-08-2010 23:40:26','streetfi8er','1','Wrong Answer','0.2243','N/A','N/A'),(191,'04-08-2010 23:42:07','streetfi8er','1','Correct Answer','0.1693','N/A','N/A'),(192,'04-08-2010 23:42:10','nigami','1','Wrong Answer','0.0077','N/A','N/A'),(193,'04-08-2010 23:42:36','NUMBE3R','1','Wrong Answer','0.0298','N/A','N/A'),(194,'04-08-2010 23:43:34','NUMBE3R','2','Abnormal Termination','0.0293','N/A','N/A'),(195,'04-08-2010 23:43:37','D_CoDe','1','Time Limit Exceeded','4.0000','N/A','N/A'),(196,'04-08-2010 23:44:21','uog','1','Wrong Answer','0.0082','N/A','N/A'),(197,'04-08-2010 23:44:36','krad.4sh1sh','1','Wrong Answer','0.0033','N/A','N/A'),(198,'04-08-2010 23:44:44','uog','2','Correct Answer','0.0083','N/A','N/A'),(199,'04-08-2010 23:45:17','uog','1','Wrong Answer','0.0097','N/A','N/A'),(200,'04-08-2010 23:46:21','krad.4sh1sh','1','Correct Answer','0.0260','N/A','N/A'),(201,'04-08-2010 23:47:48','kumar','1','Problem already solved','0.0000','N/A','N/A'),(202,'04-08-2010 23:48:18','NUMBE3R','1','Wrong Answer','0.0245','N/A','N/A'),(203,'04-08-2010 23:48:56','sagarchaks','1','Compilation Error','0.0000','N/A','N/A'),(204,'04-08-2010 23:49:02','NUMBE3R','2','Abnormal Termination','0.0274','N/A','N/A'),(205,'04-08-2010 23:51:29','sagarchaks','1','Wrong Answer','0.1134','N/A','N/A'),(206,'04-08-2010 23:52:36','bhambhani','4','Wrong Answer','0.0101','N/A','N/A'),(207,'04-08-2010 23:53:31','NUMBE3R','2','Abnormal Termination','0.0307','N/A','N/A'),(208,'04-08-2010 23:53:38','naxtre','2','Compilation Error','0.0000','N/A','N/A'),(209,'04-08-2010 23:54:47','NUMBE3R','2','Abnormal Termination','0.0305','N/A','N/A'),(210,'04-08-2010 23:56:52','Rocker','1','Abnormal Termination','0.0306','N/A','N/A'),(211,'04-08-2010 23:57:29','nigami','3','Time Limit Exceeded','4.0000','N/A','N/A'),(212,'04-08-2010 23:59:24','D_CoDe','1','Time Limit Exceeded','4.0000','N/A','N/A'),(213,'04-08-2010 23:59:49','Rocker','1','Abnormal Termination','0.0172','N/A','N/A'),(214,'05-08-2010 00:00:43','ank_g','2','Compilation Error','0.0000','N/A','N/A'),(215,'05-08-2010 00:01:59','uog','1','Compilation Error','0.0000','N/A','N/A'),(216,'05-08-2010 00:02:40','uog','1','Compilation Error','0.0000','N/A','N/A'),(217,'05-08-2010 00:02:48','ank_g','2','Compilation Error','0.0000','N/A','N/A'),(218,'05-08-2010 00:02:57','uog','1','Wrong Answer','0.0124','N/A','N/A'),(219,'05-08-2010 00:04:39','ank_g','2','Compilation Error','0.0000','N/A','N/A'),(220,'05-08-2010 00:04:43','uog','1','Wrong Answer','0.0124','N/A','N/A'),(221,'05-08-2010 00:04:52','Dcode','2','Wrong Answer','0.0697','N/A','N/A'),(222,'05-08-2010 00:06:08','ank_g','2','Compilation Error','0.0000','N/A','N/A'),(223,'05-08-2010 00:06:21','Dcode','1','Compilation Error','0.0000','N/A','N/A'),(224,'05-08-2010 00:06:26','ank_g','2','Compilation Error','0.0000','N/A','N/A'),(225,'05-08-2010 00:06:44','NUMBE3R','1','Compilation Error','0.0000','N/A','N/A'),(226,'05-08-2010 00:06:47','ank_g','1','Compilation Error','0.0000','N/A','N/A'),(227,'05-08-2010 00:08:47','NUMBE3R','3','Compilation Error','0.0000','N/A','N/A'),(228,'05-08-2010 00:08:50','ank_g','2','Correct Answer','0.0091','N/A','N/A'),(229,'05-08-2010 00:09:04','ank_g','2','Problem already solved','0.0000','N/A','N/A'),(230,'05-08-2010 00:10:27','sagarchaks','2','Correct Answer','0.0316','N/A','N/A'),(231,'05-08-2010 00:12:02','binary_termite','4','Wrong Answer','0.0607','N/A','N/A'),(232,'05-08-2010 00:12:36','krad.4sh1sh','4','Wrong Answer','0.0133','N/A','N/A'),(233,'05-08-2010 00:15:20','admin','1','Compilation Error','0.0000','N/A','N/A'),(234,'05-08-2010 00:15:31','NUMBE3R','4','Wrong Answer','0.1888','N/A','N/A'),(235,'05-08-2010 00:16:39','rajata12','4','Compilation Error','0.0000','N/A','N/A'),(236,'05-08-2010 00:17:39','bhambhani','4','Wrong Answer','0.1672','N/A','N/A'),(237,'05-08-2010 00:19:08','naxtre','2','Compilation Error','0.0000','N/A','N/A'),(238,'05-08-2010 00:19:34','Dcode','2','Wrong Answer','0.0064','N/A','N/A'),(239,'05-08-2010 00:19:57','Dcode','2','Correct Answer','0.0090','N/A','N/A'),(240,'05-08-2010 00:21:09','Dcode','1','Compilation Error','0.0000','N/A','N/A'),(241,'05-08-2010 00:21:18','manishmap2','1','Wrong Answer','0.0702','N/A','N/A'),(242,'05-08-2010 00:21:31','admin','3','Wrong Answer','0.0404','N/A','N/A'),(243,'05-08-2010 00:21:54','rajata12','4','Compilation Error','0.0000','N/A','N/A'),(244,'05-08-2010 00:22:04','admin','3','Correct Answer','0.0218','N/A','N/A'),(245,'05-08-2010 00:22:28','Dcode','1','Compilation Error','0.0000','N/A','N/A'),(246,'05-08-2010 00:22:51','Dcode','1','Compilation Error','0.0000','N/A','N/A'),(247,'05-08-2010 00:24:51','streetfi8er','2','Correct Answer','0.0238','N/A','N/A'),(248,'05-08-2010 00:25:09','NUMBE3R','2','Abnormal Termination','0.0641','N/A','N/A'),(249,'05-08-2010 00:26:35','NUMBE3R','2','Abnormal Termination','0.0379','N/A','N/A'),(250,'05-08-2010 00:26:53','Pran','2','Correct Answer','0.0866','N/A','N/A'),(251,'05-08-2010 00:27:50','4th idiot','1','Abnormal Termination','0.0074','N/A','N/A'),(252,'05-08-2010 00:28:22','rajata12','4','Compilation Error','0.0000','N/A','N/A'),(253,'05-08-2010 00:28:39','NUMBE3R','2','Abnormal Termination','0.0338','N/A','N/A'),(254,'05-08-2010 00:28:57','NUMBE3R','2','Abnormal Termination','0.0300','N/A','N/A'),(255,'05-08-2010 00:30:24','NUMBE3R','2','Abnormal Termination','0.0349','N/A','N/A'),(256,'05-08-2010 00:31:15','krad.4sh1sh','4','Wrong Answer','0.0108','N/A','N/A'),(257,'05-08-2010 00:31:28','NUMBE3R','4','Wrong Answer','0.0254','N/A','N/A'),(258,'05-08-2010 00:32:51','rajata12','4','Compilation Error','0.0000','N/A','N/A'),(259,'05-08-2010 00:33:16','NUMBE3R','5','Time Limit Exceeded','4.0000','N/A','N/A'),(260,'05-08-2010 00:34:11','coderocker','3','Compilation Error','0.0000','N/A','N/A'),(261,'05-08-2010 00:34:56','NUMBE3R','5','Abnormal Termination','0.0428','N/A','N/A'),(262,'05-08-2010 00:35:26','sudocode','2','Compilation Error','0.0000','N/A','N/A'),(263,'05-08-2010 00:35:48','him21sri','2','Correct Answer','0.0068','N/A','N/A'),(264,'05-08-2010 00:36:01','rajata12','4','Compilation Error','0.0000','N/A','N/A'),(265,'05-08-2010 00:36:09','coderocker','3','Wrong Answer','0.0446','N/A','N/A'),(266,'05-08-2010 00:36:30','4th idiot','1','Abnormal Termination','0.0109','N/A','N/A'),(267,'05-08-2010 00:36:54','sudocode','2','Compilation Error','0.0000','N/A','N/A'),(268,'05-08-2010 00:37:08','Sharks','3','Wrong Answer','0.1011','N/A','N/A'),(269,'05-08-2010 00:38:42','naxtre','2','Wrong Answer','0.0188','N/A','N/A'),(270,'05-08-2010 00:38:56','sudocode','2','Compilation Error','0.0000','N/A','N/A'),(271,'05-08-2010 00:39:26','NUMBE3R','2','Abnormal Termination','0.0426','N/A','N/A'),(272,'05-08-2010 00:39:35','Dcode','1','Compilation Error','0.0000','N/A','N/A'),(273,'05-08-2010 00:39:38','NUMBE3R','4','Compilation Error','0.0000','N/A','N/A'),(274,'05-08-2010 00:40:01','Dcode','1','Abnormal Termination','0.0076','N/A','N/A'),(275,'05-08-2010 00:40:18','coderocker','3','Compilation Error','0.0000','N/A','N/A'),(277,'05-08-2010 00:40:26','naxtre','2','Wrong Answer','0.0278','N/A','N/A'),(276,'05-08-2010 00:40:25','Dcode','1','Wrong Answer','0.0701','N/A','N/A'),(278,'05-08-2010 00:40:39','Dcode','1','Wrong Answer','0.0320','N/A','N/A'),(279,'05-08-2010 00:40:51','Dcode','1','Wrong Answer','0.0091','N/A','N/A'),(280,'05-08-2010 00:41:47','Dcode','1','Abnormal Termination','0.0060','N/A','N/A'),(281,'05-08-2010 00:42:07','Dcode','1','Abnormal Termination','0.0001','N/A','N/A'),(282,'05-08-2010 00:42:24','Dcode','1','Wrong Answer','0.0556','N/A','N/A'),(283,'05-08-2010 00:42:46','Dcode','1','Wrong Answer','0.0715','N/A','N/A'),(284,'05-08-2010 00:43:32','Dcode','1','Wrong Answer','0.0024','N/A','N/A'),(285,'05-08-2010 00:45:01','nigami','4','Time Limit Exceeded','4.0000','N/A','N/A'),(286,'05-08-2010 00:45:32','naxtre','2','Wrong Answer','0.0272','N/A','N/A'),(287,'05-08-2010 00:47:46','naxtre','2','Wrong Answer','0.0696','N/A','N/A'),(288,'05-08-2010 00:50:14','sagarchaks','1','Wrong Answer','0.0165','N/A','N/A'),(289,'05-08-2010 00:50:38','naxtre','2','Wrong Answer','0.0082','N/A','N/A'),(290,'05-08-2010 00:54:35','sagarchaks','1','Wrong Answer','0.0087','N/A','N/A'),(291,'05-08-2010 00:55:30','sagarchaks','1','Wrong Answer','0.0731','N/A','N/A'),(292,'05-08-2010 00:56:32','foolz','3','Wrong Answer','0.0714','N/A','N/A'),(293,'05-08-2010 01:00:52','him21sri','4','Time Limit Exceeded','4.0000','N/A','N/A'),(294,'05-08-2010 01:08:38','binary_termite','4','Time Limit Exceeded','4.0000','N/A','N/A'),(295,'05-08-2010 01:20:06','Dcode','1','Wrong Answer','0.0710','N/A','N/A'),(296,'05-08-2010 01:24:28','Coder','2','Compilation Error','0.0000','N/A','N/A'),(297,'05-08-2010 01:25:18','Coder','2','Compilation Error','0.0000','N/A','N/A'),(298,'05-08-2010 01:27:45','Coder','2','Compilation Error','0.0000','N/A','N/A'),(299,'05-08-2010 01:31:54','nigami','4','Wrong Answer','0.0172','N/A','N/A'),(300,'05-08-2010 01:32:17','Coder','2','Compilation Error','0.0000','N/A','N/A'),(301,'05-08-2010 01:37:16','Coder','2','Compilation Error','0.0000','N/A','N/A'),(302,'05-08-2010 01:38:51','Coder','2','Correct Answer','0.0694','N/A','N/A'),(303,'05-08-2010 01:39:25','nigami','3','Wrong Answer','0.0188','N/A','N/A'),(304,'05-08-2010 06:32:58','kumar','2','Correct Answer','0.0218','N/A','N/A'),(305,'05-08-2010 08:39:48','admin','4','Correct Answer','0.6576','N/A','N/A'),(307,'05-08-2010 12:39:17','kumar','4','Correct Answer','0.0332','N/A','N/A'),(306,'05-08-2010 12:38:05','krad.4sh1sh','5','Correct Answer','0.0568','N/A','N/A'),(308,'05-08-2010 12:40:52','kumar','4','Problem already solved','0.0000','N/A','N/A'),(309,'05-08-2010 12:49:45','nigami','3','Correct Answer','0.0179','N/A','N/A'),(310,'05-08-2010 12:57:10','nigami','4','Correct Answer','0.0426','N/A','N/A'),(311,'05-08-2010 12:58:19','nigami','1','Correct Answer','0.0024','N/A','N/A'),(312,'05-08-2010 13:13:12','nigami','2','Correct Answer','0.0700','N/A','N/A'),(313,'05-08-2010 15:49:54','sudocode','2','Compilation Error','0.0000','N/A','N/A'),(314,'05-08-2010 16:02:04','sudocode','2','Compilation Error','0.0000','N/A','N/A'),(315,'05-08-2010 17:33:56','bhambhani','3','Compilation Error','0.0000','N/A','N/A'),(316,'05-08-2010 17:36:22','kingkhan','3','Compilation Error','0.0000','N/A','N/A'),(317,'05-08-2010 18:09:45','kingkhan','3','Abnormal Termination','0.0389','N/A','N/A'),(318,'05-08-2010 18:12:38','kingkhan','3','Abnormal Termination','0.0087','N/A','N/A'),(319,'05-08-2010 18:26:45','admin','3','Problem already solved','0.0000','N/A','N/A'),(320,'05-08-2010 18:32:59','bhambhani','3','Abnormal Termination','0.0295','N/A','N/A'),(321,'05-08-2010 18:44:42','kingkhan','3','Abnormal Termination','0.0456','N/A','N/A'),(322,'05-08-2010 18:55:54','itsme','1','Correct Answer','0.0172','N/A','N/A'),(323,'05-08-2010 18:57:14','itsme','2','Correct Answer','0.0400','N/A','N/A'),(324,'05-08-2010 18:57:43','itsme','3','Correct Answer','0.0213','N/A','N/A'),(326,'05-08-2010 19:08:46','bhambhani','3','Abnormal Termination','0.0634','N/A','N/A'),(325,'05-08-2010 19:05:56','itsme','4','Correct Answer','0.0649','N/A','N/A'),(327,'05-08-2010 19:11:43','bhambhani','3','Abnormal Termination','0.0125','N/A','N/A'),(328,'05-08-2010 19:12:00','bhambhani','3','Abnormal Termination','0.0078','N/A','N/A'),(329,'05-08-2010 19:13:24','kingkhan','3','Abnormal Termination','0.0707','N/A','N/A'),(330,'05-08-2010 19:14:38','kingkhan','3','Abnormal Termination','0.0513','N/A','N/A'),(331,'05-08-2010 19:24:23','admin','1','Compilation Error','0.0000','N/A','N/A'),(332,'05-08-2010 19:35:29','rajata12','4','Correct Answer','0.0441','N/A','N/A'),(333,'06-08-2010 00:04:53','admin','1','Compilation Error','0.0000','N/A','N/A'),(334,'06-08-2010 00:13:38','NUMBE3R','1','Time Limit Exceeded','4.0000','N/A','N/A'),(335,'06-08-2010 16:08:52','admin','1','Compilation Error','0.0000','N/A','N/A'),(336,'06-08-2010 16:20:22','admin','1','Compilation Error','0.0000','N/A','N/A'),(337,'06-08-2010 18:40:03','beginners','4','Wrong Answer','0.0476','N/A','N/A'),(338,'06-08-2010 22:59:52','admin','1','Compilation Error','0.0000','N/A','N/A'),(339,'07-08-2010 00:57:25','admin','2','Compilation Error','0.0000','N/A','N/A'),(340,'07-08-2010 10:48:34','kingkhan','3','Abnormal Termination','0.0843','N/A','N/A'),(341,'07-08-2010 20:00:58','kingkhan','3','Abnormal Termination','0.0695','N/A','N/A'),(342,'07-08-2010 20:13:01','kingkhan','3','Abnormal Termination','0.0497','N/A','N/A'),(343,'07-08-2010 20:21:22','admin','1','Compilation Error','0.0000','N/A','N/A'),(344,'07-08-2010 20:24:51','bhambhani','4','Wrong Answer','0.0249','N/A','N/A'),(345,'07-08-2010 20:42:08','bhambhani','4','Wrong Answer','0.0265','N/A','N/A'),(346,'07-08-2010 23:18:09','bhambhani','4','Wrong Answer','0.0402','N/A','N/A'),(347,'07-08-2010 23:19:22','bhambhani','4','Wrong Answer','0.0763','N/A','N/A'),(348,'07-08-2010 23:31:35','bhambhani','4','Wrong Answer','0.0726','N/A','N/A'),(349,'07-08-2010 23:34:52','bhambhani','4','Wrong Answer','0.0719','N/A','N/A'),(350,'08-08-2010 00:09:15','admin','1','Compilation Error','0.0000','N/A','N/A'),(351,'08-08-2010 11:12:53','admin','1','Compilation Error','0.0000','N/A','N/A'),(352,'08-08-2010 14:47:29','Dcode','1','Compilation Error','0.0000','N/A','N/A'),(353,'08-08-2010 14:48:13','Dcode','1','Correct Answer','0.0086','N/A','N/A'),(354,'08-08-2010 17:10:03','admin','1','Compilation Error','0.0000','N/A','N/A'),(355,'08-08-2010 17:19:45','bhambhani','1','Problem already solved','0.0000','N/A','N/A'),(356,'08-08-2010 17:19:56','bhambhani','4','Correct Answer','0.0221','N/A','N/A'),(357,'08-08-2010 17:28:01','kingkhan','4','Correct Answer','0.0544','N/A','N/A'),(358,'08-08-2010 17:34:23','kingkhan','3','Abnormal Termination','0.0540','N/A','N/A'),(359,'08-08-2010 17:38:00','kingkhan','3','Correct Answer','0.0622','N/A','N/A'),(360,'08-08-2010 17:39:39','bhambhani','3','Abnormal Termination','0.1001','N/A','N/A'),(361,'08-08-2010 17:39:59','bhambhani','3','Correct Answer','0.0702','N/A','N/A'),(362,'10-08-2010 18:28:48','admin','1','Compilation Error','0.0000','N/A','N/A'),(363,'11-08-2010 02:35:43','Dcode','3','Abnormal Termination','0.0194','N/A','N/A'),(364,'11-08-2010 02:36:30','Dcode','3','Compilation Error','0.0000','N/A','N/A'),(365,'11-08-2010 02:37:13','Dcode','3','Compilation Error','0.0000','N/A','N/A'),(366,'11-08-2010 02:37:35','Dcode','3','Compilation Error','0.0000','N/A','N/A'),(367,'11-08-2010 02:38:21','Dcode','3','Compilation Error','0.0000','N/A','N/A'),(368,'11-08-2010 02:38:37','Dcode','3','Compilation Error','0.0000','N/A','N/A'),(369,'11-08-2010 13:48:59','Dcode','3','Compilation Error','0.0000','N/A','N/A'),(370,'11-08-2010 13:50:32','Dcode','3','Compilation Error','0.0000','N/A','N/A'),(371,'11-08-2010 13:53:31','Dcode','3','Wrong Answer','0.0248','N/A','N/A'),(372,'11-08-2010 13:58:51','Dcode','3','Compilation Error','0.0000','N/A','N/A'),(373,'11-08-2010 13:59:14','Dcode','3','Wrong Answer','0.0160','N/A','N/A'),(374,'11-08-2010 16:57:31','admin','1','Compilation Error','0.0000','N/A','N/A'),(375,'12-08-2010 11:14:27','street','1','Correct Answer','0.0203','N/A','N/A'),(376,'12-08-2010 12:28:19','intel','1','Compilation Error','0.0000','N/A','N/A'),(377,'12-08-2010 12:38:59','intel','1','Compilation Error','0.0000','N/A','N/A'),(378,'12-08-2010 12:52:41','intel','1','Compilation Error','0.0000','N/A','N/A'),(379,'12-08-2010 15:14:59','gammah9217','1','Compilation Error','0.0000','N/A','N/A'),(380,'12-08-2010 18:56:23','kumar','1','Problem already solved','0.0000','N/A','N/A'),(381,'12-08-2010 18:58:07','kumar','5','Compilation Error','0.0000','N/A','N/A'),(382,'12-08-2010 18:59:02','kumar','5','Compilation Error','0.0000','N/A','N/A'),(383,'12-08-2010 19:00:06','kumar','3','Compilation Error','0.0000','N/A','N/A'),(384,'12-08-2010 19:01:04','kumar','3','Compilation Error','0.0000','N/A','N/A'),(385,'12-08-2010 19:09:27','kumar','3','Compilation Error','0.0000','N/A','N/A'),(386,'15-08-2010 04:53:48','admin','1','Compilation Error','0.0000','N/A','N/A'),(387,'14-10-2010 00:00:22','admin','1','Compilation Error','0.0000','N/A','N/A'),(388,'14-10-2010 04:58:27','admin','1','Compilation Error','0.0000','N/A','N/A'),(389,'16-08-2010 23:30:12','admin','1','Compilation Error','0.0000','N/A','N/A'),(390,'17-08-2010 20:37:08','Duncan','1','Compilation Error','0.0000','N/A','N/A'),(391,'17-08-2010 21:59:50','admin','1','Compilation Error','0.0000','N/A','N/A'),(392,'18-08-2010 09:56:36','204','1','Compilation Error','0.0000','N/A','N/A'),(393,'18-08-2010 09:57:06','204','1','Compilation Error','0.0000','N/A','N/A'),(394,'18-08-2010 09:57:45','204','2','Compilation Error','0.0000','N/A','N/A'),(395,'18-08-2010 10:15:59','hackerkeshav','1','Compilation Error','0.0000','N/A','N/A'),(396,'18-08-2010 10:21:45','hackerkeshav','2','Abnormal Termination','0.3327','N/A','N/A'),(397,'18-08-2010 10:24:01','hackerkeshav','2','Compilation Error','0.0000','N/A','N/A'),(398,'18-08-2010 10:27:11','hackerkeshav','2','Compilation Error','0.0000','N/A','N/A'),(399,'18-08-2010 10:29:56','hackerkeshav','2','Compilation Error','0.0000','N/A','N/A'),(400,'18-08-2010 10:35:42','hackerkeshav','2','Compilation Error','0.0000','N/A','N/A'),(401,'18-08-2010 10:42:47','hackerkeshav','2','Compilation Error','0.0000','N/A','N/A'),(402,'18-08-2010 10:47:39','hackerkeshav','1','Compilation Error','0.0000','N/A','N/A'),(403,'18-08-2010 19:49:31','sneh','1','Compilation Error','0.0000','N/A','N/A'),(404,'18-08-2010 20:19:20','admin','1','Compilation Error','0.0000','N/A','N/A'),(405,'18-08-2010 20:22:52','sneh','1','Compilation Error','0.0000','N/A','N/A'),(406,'18-08-2010 20:29:44','admin','1','Correct Answer','0.0477','N/A','N/A'),(407,'18-08-2010 20:57:42','d nocturnals','1','Correct Answer','1.5814','N/A','N/A'),(408,'18-08-2010 21:50:23','oozeout','1','Wrong Answer','0.0135','N/A','N/A'),(409,'18-08-2010 22:34:00','admin','5','Correct Answer','0.0076','N/A','N/A'),(410,'18-08-2010 22:36:28','admin','3','Correct Answer','0.0159','N/A','N/A'),(411,'18-08-2010 22:37:34','admin','4','Correct Answer','0.0109','N/A','N/A'),(412,'18-08-2010 22:41:05','Sharks','1','Wrong Answer','0.0093','N/A','N/A'),(413,'18-08-2010 22:42:15','Sharks','1','Correct Answer','0.0165','N/A','N/A'),(414,'18-08-2010 22:42:40','jogger','1','Compilation Error','0.0000','N/A','N/A'),(415,'18-08-2010 22:43:46','admin','1','Compilation Error','0.0000','N/A','N/A'),(416,'18-08-2010 22:46:16','kingkhan','1','Correct Answer','0.0151','N/A','N/A'),(417,'18-08-2010 22:46:36','kingkhan','1','Problem already solved','0.0000','N/A','N/A'),(418,'18-08-2010 22:46:54','bhambhani','1','Correct Answer','0.0122','N/A','N/A'),(419,'18-08-2010 22:47:57','nigami','1','Correct Answer','0.0086','N/A','N/A'),(420,'18-08-2010 22:48:21','wyuka','1','Correct Answer','0.0107','N/A','N/A'),(421,'18-08-2010 22:49:27','admin','2','Compilation Error','0.0000','N/A','N/A'),(422,'18-08-2010 22:52:13','admin','2','Wrong Answer','0.0101','N/A','N/A'),(423,'18-08-2010 22:52:35','krad.4sh1sh','1','Correct Answer','0.0069','N/A','N/A'),(424,'18-08-2010 22:53:21','admin','2','Wrong Answer','0.0142','N/A','N/A'),(425,'18-08-2010 22:53:56','admin','2','Wrong Answer','0.0127','N/A','N/A'),(426,'18-08-2010 22:55:13','admin','2','Wrong Answer','0.0116','N/A','N/A'),(427,'18-08-2010 22:56:02','admin','2','Wrong Answer','0.0212','N/A','N/A'),(428,'18-08-2010 22:57:14','admin','2','Wrong Answer','0.0146','N/A','N/A'),(429,'18-08-2010 22:58:53','jogger','1','Wrong Answer','0.0166','N/A','N/A'),(430,'18-08-2010 23:02:15','admin','2','Wrong Answer','0.0139','N/A','N/A'),(431,'18-08-2010 23:03:38','admin','2','Wrong Answer','0.0143','N/A','N/A'),(432,'18-08-2010 23:04:13','admin','2','Correct Answer','0.0146','N/A','N/A'),(433,'18-08-2010 23:08:33','baky','1','Correct Answer','0.0168','N/A','N/A'),(434,'18-08-2010 23:09:33','krad.4sh1sh','2','Wrong Answer','0.0154','N/A','N/A'),(435,'18-08-2010 23:12:19','3-208','3','Compilation Error','0.0000','N/A','N/A'),(436,'18-08-2010 23:13:12','3-208','3','Compilation Error','0.0000','N/A','N/A'),(437,'18-08-2010 23:21:11','coderocker','2','Compilation Error','0.0000','N/A','N/A'),(438,'18-08-2010 23:21:19','coderocker','2','Compilation Error','0.0000','N/A','N/A'),(439,'18-08-2010 23:21:29','krad.4sh1sh','2','Correct Answer','0.0126','N/A','N/A'),(440,'18-08-2010 23:22:27','nigami','2','Wrong Answer','0.0052','N/A','N/A'),(441,'18-08-2010 23:27:06','nigami','2','Wrong Answer','0.0141','N/A','N/A'),(442,'18-08-2010 23:32:51','krad.4sh1sh','3','Wrong Answer','0.0190','N/A','N/A'),(443,'18-08-2010 23:33:26','oozeout','1','Wrong Answer','0.0159','N/A','N/A'),(444,'18-08-2010 23:34:07','kingkhan','2','Wrong Answer','0.0179','N/A','N/A'),(445,'18-08-2010 23:34:29','davin_uno','1','Abnormal Termination','0.0106','N/A','N/A'),(446,'18-08-2010 23:35:26','oozeout','1','Correct Answer','0.0143','N/A','N/A'),(447,'18-08-2010 23:35:38','oozeout','1','Problem already solved','0.0000','N/A','N/A'),(448,'18-08-2010 23:36:39','sagarchaks','1','Wrong Answer','0.0154','N/A','N/A'),(449,'18-08-2010 23:36:45','nigami','2','Correct Answer','0.0218','N/A','N/A'),(450,'18-08-2010 23:37:03','master_mind','1','Correct Answer','0.0158','N/A','N/A'),(451,'18-08-2010 23:38:25','sagarchaks','1','Wrong Answer','0.0163','N/A','N/A'),(452,'18-08-2010 23:38:54','matrixxx','4','Time Limit Exceeded','4.0000','N/A','N/A'),(453,'18-08-2010 23:39:08','maximus','4','Compilation Error','0.0000','N/A','N/A'),(454,'18-08-2010 23:43:35','timepass','1','Correct Answer','0.0143','N/A','N/A'),(455,'18-08-2010 23:43:45','timepass','1','Problem already solved','0.0000','N/A','N/A'),(456,'18-08-2010 23:45:40','beginners','4','Correct Answer','0.1200','N/A','N/A'),(457,'18-08-2010 23:46:52','nigami','4','Correct Answer','0.2628','N/A','N/A'),(458,'18-08-2010 23:52:23','timepass','3','Correct Answer','0.0132','N/A','N/A'),(459,'18-08-2010 23:56:10','Dcode','1','Wrong Answer','0.0163','N/A','N/A'),(460,'18-08-2010 23:56:30','krad.4sh1sh','4','Correct Answer','0.0142','N/A','N/A'),(461,'18-08-2010 23:56:34','Dcode','1','Correct Answer','0.0133','N/A','N/A'),(462,'18-08-2010 23:57:03','baky','4','Correct Answer','0.0112','N/A','N/A'),(463,'19-08-2010 00:04:59','rajata12','5','Compilation Error','0.0000','N/A','N/A'),(464,'19-08-2010 00:05:57','rajata12','5','Compilation Error','0.0000','N/A','N/A'),(465,'19-08-2010 00:08:32','beginners','1','Correct Answer','0.0156','N/A','N/A'),(466,'19-08-2010 00:10:02','baky','3','Wrong Answer','0.0118','N/A','N/A'),(467,'19-08-2010 00:10:27','rajata12','5','Correct Answer','0.0089','N/A','N/A'),(468,'19-08-2010 00:11:03','baky','3','Wrong Answer','0.0139','N/A','N/A'),(469,'19-08-2010 00:19:53','rajata12','4','Correct Answer','0.1188','N/A','N/A'),(470,'19-08-2010 00:24:39','manishmap2','1','Correct Answer','0.0468','N/A','N/A'),(471,'19-08-2010 00:29:21','rajata12','3','Correct Answer','0.0106','N/A','N/A'),(472,'19-08-2010 00:29:26','coderocker','1','Wrong Answer','0.0128','N/A','N/A'),(473,'19-08-2010 00:30:18','krad.4sh1sh','5','Wrong Answer','0.0060','N/A','N/A'),(474,'19-08-2010 00:30:39','enigmatic','1','Compilation Error','0.0000','N/A','N/A'),(475,'19-08-2010 00:32:43','ank_g','1','Correct Answer','0.0128','N/A','N/A'),(476,'19-08-2010 00:33:57','krad.4sh1sh','5','Wrong Answer','0.0125','N/A','N/A'),(477,'19-08-2010 00:34:45','coderocker','1','Compilation Error','0.0000','N/A','N/A'),(478,'19-08-2010 00:36:02','sagarchaks','1','Wrong Answer','0.0154','N/A','N/A'),(479,'19-08-2010 00:36:02','coderocker','1','Wrong Answer','0.0148','N/A','N/A'),(480,'19-08-2010 00:38:17','beginners','2','Abnormal Termination','0.0133','N/A','N/A'),(481,'19-08-2010 00:38:40','nigami','3','Correct Answer','0.0235','N/A','N/A'),(482,'19-08-2010 00:38:42','gammah9217','4','Compilation Error','0.0000','N/A','N/A'),(483,'19-08-2010 00:39:54','coderocker','1','Wrong Answer','0.0153','N/A','N/A'),(484,'19-08-2010 00:42:06','manishmap2','1','Problem already solved','0.0000','N/A','N/A'),(485,'19-08-2010 00:42:20','rajata12','1','Correct Answer','0.0181','N/A','N/A'),(486,'19-08-2010 00:43:46','timepass','4','Correct Answer','0.0116','N/A','N/A'),(487,'19-08-2010 00:50:40','beginners','3','Correct Answer','0.0128','N/A','N/A'),(488,'19-08-2010 00:51:31','matrixxx','3','Wrong Answer','0.0115','N/A','N/A'),(489,'19-08-2010 00:51:38','gammah9217','4','Compilation Error','0.0000','N/A','N/A'),(490,'19-08-2010 00:51:47','d nocturnals','2','Wrong Answer','1.6786','N/A','N/A'),(491,'19-08-2010 00:52:17','admin','1','Compilation Error','0.0000','N/A','N/A'),(492,'19-08-2010 00:53:01','d nocturnals','2','Wrong Answer','0.1420','N/A','N/A'),(493,'19-08-2010 00:54:43','gammah9217','4','Compilation Error','0.0000','N/A','N/A'),(494,'19-08-2010 00:55:31','admin','1','Correct Answer','0.0132','N/A','N/A'),(495,'19-08-2010 00:58:47','oozeout','2','Correct Answer','0.0166','N/A','N/A'),(496,'19-08-2010 01:02:04','d nocturnals','2','Wrong Answer','0.1550','N/A','N/A'),(497,'19-08-2010 01:02:31','gammah9217','4','Compilation Error','0.0000','N/A','N/A'),(498,'19-08-2010 01:02:31','roxy_08','1','Correct Answer','0.0170','N/A','N/A'),(499,'19-08-2010 01:02:52','roxy_08','1','Problem already solved','0.0000','N/A','N/A'),(500,'19-08-2010 01:10:56','ank_g','1','Problem already solved','0.0000','N/A','N/A'),(501,'19-08-2010 01:11:50','ank_g','1','Problem already solved','0.0000','N/A','N/A'),(502,'19-08-2010 01:12:05','gammah9217','4','Wrong Answer','0.1966','N/A','N/A'),(503,'19-08-2010 01:13:25','gammah9217','4','Wrong Answer','0.1499','N/A','N/A'),(504,'19-08-2010 01:14:40','ankush_goyal','1','Correct Answer','0.0146','N/A','N/A'),(505,'19-08-2010 01:17:30','beginners','2','Correct Answer','0.0160','N/A','N/A'),(506,'19-08-2010 01:17:47','phlegmatic','1','Wrong Answer','0.0149','N/A','N/A'),(507,'19-08-2010 01:18:06','manishmap2','4','Correct Answer','0.0702','N/A','N/A'),(508,'19-08-2010 01:24:06','Craft','2','Compilation Error','0.0000','N/A','N/A'),(509,'19-08-2010 01:30:29','manunited','4','Compilation Error','0.0000','N/A','N/A'),(510,'19-08-2010 01:31:03','manunited','4','Compilation Error','0.0000','N/A','N/A'),(511,'19-08-2010 01:36:10','wyuka','4','Correct Answer','0.2767','N/A','N/A'),(512,'19-08-2010 01:38:19','kingkhan','2','Wrong Answer','0.0153','N/A','N/A'),(513,'19-08-2010 01:38:45','kingkhan','2','Wrong Answer','0.0137','N/A','N/A'),(514,'19-08-2010 01:41:53','kingkhan','2','Correct Answer','0.0060','N/A','N/A'),(515,'19-08-2010 01:42:11','bhambhani','2','Correct Answer','0.0161','N/A','N/A'),(516,'19-08-2010 01:56:55','jogger','2','Time Limit Exceeded','4.0000','N/A','N/A'),(517,'19-08-2010 07:14:31','streetfi8er','1','Correct Answer','0.0209','N/A','N/A'),(518,'19-08-2010 11:23:04','streetfi8er','2','Correct Answer','0.0809','N/A','N/A'),(519,'19-08-2010 11:54:39','streetfi8er','4','Correct Answer','0.0210','N/A','N/A'),(520,'19-08-2010 11:57:24','krad.4sh1sh','3','Correct Answer','0.0327','N/A','N/A'),(521,'19-08-2010 12:11:06','baky','5','Wrong Answer','0.0233','N/A','N/A'),(522,'19-08-2010 12:15:29','baky','5','Wrong Answer','0.0118','N/A','N/A'),(523,'19-08-2010 13:19:33','manishmap2','2','Correct Answer','0.0113','N/A','N/A'),(524,'19-08-2010 18:20:41','204','2','Compilation Error','0.0000','N/A','N/A'),(525,'19-08-2010 18:27:33','204','4','Compilation Error','0.0000','N/A','N/A'),(526,'19-08-2010 18:49:58','SunilKumar','2','Compilation Error','0.0000','N/A','N/A'),(527,'20-08-2010 13:32:09','SunilKumar','2','Compilation Error','0.0000','N/A','N/A'),(528,'20-08-2010 13:32:28','SunilKumar','2','Compilation Error','0.0000','N/A','N/A'),(529,'20-08-2010 13:32:53','SunilKumar','2','Compilation Error','0.0000','N/A','N/A'),(530,'20-08-2010 13:34:10','SunilKumar','2','Compilation Error','0.0000','N/A','N/A'),(531,'20-08-2010 21:18:25','shakya','1','Correct Answer','0.0210','N/A','N/A'),(532,'20-08-2010 21:25:48','shakya','1','Problem already solved','0.0000','N/A','N/A'),(533,'20-08-2010 23:31:29','Duncan','1','Compilation Error','0.0000','N/A','N/A'),(534,'21-08-2010 18:47:09','streetfi8er','3','Wrong Answer','0.0722','N/A','N/A'),(535,'21-08-2010 18:47:43','streetfi8er','3','Wrong Answer','0.0743','N/A','N/A'),(536,'21-08-2010 19:05:49','streetfi8er','3','Correct Answer','0.0566','N/A','N/A'),(537,'30-08-2010 06:04:45','Dcode','5','Abnormal Termination','0.0877','N/A','N/A'),(538,'30-08-2010 06:06:36','Dcode','5','Abnormal Termination','0.0703','N/A','N/A'),(539,'31-08-2010 12:11:49','hat6','1','Compilation Error','0.0000','N/A','N/A'),(540,'01-09-2010 21:54:05','admin','1','Correct Answer','0.0108','N/A','N/A'),(541,'01-09-2010 21:55:56','admin','1','Correct Answer','0.0089','N/A','N/A'),(542,'01-09-2010 21:59:49','admin','2','Correct Answer','0.0097','N/A','N/A'),(543,'01-09-2010 22:00:26','admin','3','Time Limit Exceeded','4.0000','N/A','N/A'),(544,'01-09-2010 22:02:46','admin','5','Correct Answer','0.1910','N/A','N/A'),(545,'01-09-2010 22:03:18','admin','4','Correct Answer','0.0124','N/A','N/A'),(546,'01-09-2010 22:07:35','admin','3','Time Limit Exceeded','4.0000','N/A','N/A'),(547,'01-09-2010 22:08:15','admin','3','Time Limit Exceeded','4.0000','N/A','N/A'),(548,'01-09-2010 22:13:55','krad.4sh1sh','2','Correct Answer','0.0122','N/A','N/A'),(549,'01-09-2010 22:18:07','nigami','1','Correct Answer','0.0069','N/A','N/A'),(550,'01-09-2010 22:18:36','baky','2','Correct Answer','0.0273','N/A','N/A'),(551,'01-09-2010 22:22:56','krad.4sh1sh','3','Time Limit Exceeded','4.0000','N/A','N/A'),(552,'01-09-2010 22:28:35','nigami','2','Correct Answer','0.0520','N/A','N/A'),(553,'01-09-2010 22:37:46','admin','3','Correct Answer','0.0741','N/A','N/A'),(554,'01-09-2010 22:41:57','krad.4sh1sh','3','Wrong Answer','0.0307','N/A','N/A'),(555,'01-09-2010 22:47:43','baky','1','Correct Answer','0.0728','N/A','N/A'),(556,'01-09-2010 22:49:06','manishmap2','2','Correct Answer','0.0404','N/A','N/A'),(557,'01-09-2010 22:51:37','beginners','1','Correct Answer','0.0282','N/A','N/A'),(558,'01-09-2010 23:01:22','sagarchaks','2','Correct Answer','0.1478','N/A','N/A'),(559,'01-09-2010 23:01:36','Coder','3','Abnormal Termination','0.0708','N/A','N/A'),(560,'01-09-2010 23:04:40','him21sri','2','Correct Answer','0.0734','N/A','N/A'),(561,'01-09-2010 23:07:18','baky','3','Wrong Answer','0.0962','N/A','N/A'),(562,'01-09-2010 23:10:28','roxy_08','1','Wrong Answer','0.0203','N/A','N/A'),(563,'01-09-2010 23:11:17','ankiterrific','1','Abnormal Termination','0.0700','N/A','N/A'),(564,'01-09-2010 23:12:09','baky','3','Wrong Answer','0.1498','N/A','N/A'),(565,'01-09-2010 23:15:25','streetfi8er','2','Correct Answer','0.0301','N/A','N/A'),(566,'01-09-2010 23:19:16','beginners','2','Correct Answer','0.0542','N/A','N/A'),(567,'01-09-2010 23:22:53','oozeout','1','Wrong Answer','0.0604','N/A','N/A'),(568,'01-09-2010 23:24:11','oozeout','1','Wrong Answer','0.0712','N/A','N/A'),(569,'01-09-2010 23:25:56','manishmap2','1','Wrong Answer','0.0120','N/A','N/A'),(570,'01-09-2010 23:29:58','oozeout','1','Wrong Answer','0.0567','N/A','N/A'),(571,'01-09-2010 23:33:02','krad.4sh1sh','1','Wrong Answer','0.0596','N/A','N/A'),(572,'01-09-2010 23:37:02','ankiterrific','1','Abnormal Termination','0.0184','N/A','N/A'),(573,'01-09-2010 23:37:41','naxtre','2','Correct Answer','0.0858','N/A','N/A'),(574,'01-09-2010 23:42:22','ankiterrific','1','Abnormal Termination','0.1097','N/A','N/A'),(575,'01-09-2010 23:42:23','manishmap2','3','Wrong Answer','0.1085','N/A','N/A'),(576,'01-09-2010 23:46:33','abcd1234','2','Correct Answer','0.0737','N/A','N/A'),(577,'01-09-2010 23:47:26','ankiterrific','1','Compilation Error','0.0000','N/A','N/A'),(578,'01-09-2010 23:48:38','nigami','4','Correct Answer','0.0531','N/A','N/A'),(579,'01-09-2010 23:48:45','him21sri','1','Correct Answer','0.0714','N/A','N/A'),(580,'01-09-2010 23:48:54','ankiterrific','1','Abnormal Termination','0.0106','N/A','N/A'),(581,'01-09-2010 23:49:07','streetfi8er','1','Wrong Answer','0.0369','N/A','N/A'),(582,'01-09-2010 23:49:14','SunilKumar','1','Compilation Error','0.0000','N/A','N/A'),(583,'01-09-2010 23:50:53','SunilKumar','1','Compilation Error','0.0000','N/A','N/A'),(584,'01-09-2010 23:51:18','SunilKumar','1','Compilation Error','0.0000','N/A','N/A'),(585,'01-09-2010 23:51:34','Coder','4','Time Limit Exceeded','4.0000','N/A','N/A'),(586,'01-09-2010 23:52:39','Coder','4','Time Limit Exceeded','4.0000','N/A','N/A'),(587,'01-09-2010 23:55:41','zetto','2','Compilation Error','0.0000','N/A','N/A'),(588,'02-09-2010 00:01:06','SunilKumar','1','Compilation Error','0.0000','N/A','N/A'),(589,'02-09-2010 00:01:30','zetto','2','Wrong Answer','0.0717','N/A','N/A'),(590,'02-09-2010 00:01:55','Coder','4','Time Limit Exceeded','4.0000','N/A','N/A'),(591,'02-09-2010 00:19:03','paddycoder','2','Wrong Answer','0.0341','N/A','N/A'),(592,'02-09-2010 00:19:14','nigami','3','Wrong Answer','0.0199','N/A','N/A'),(593,'02-09-2010 00:22:03','nigami','3','Wrong Answer','0.0694','N/A','N/A'),(594,'02-09-2010 00:24:23','kumar','2','Correct Answer','0.0841','N/A','N/A'),(595,'02-09-2010 00:31:13','coderocker','2','Wrong Answer','0.0997','N/A','N/A'),(596,'02-09-2010 00:31:28','codermal','1','Wrong Answer','0.0305','N/A','N/A'),(597,'02-09-2010 00:42:16','coderocker','2','Correct Answer','0.0200','N/A','N/A'),(598,'02-09-2010 00:45:12','streetfi8er','1','Correct Answer','0.0236','N/A','N/A'),(599,'02-09-2010 00:46:09','codermal','1','Wrong Answer','0.0214','N/A','N/A'),(600,'02-09-2010 00:46:56','codermal','2','Correct Answer','0.0180','N/A','N/A'),(601,'02-09-2010 00:47:10','ankiterrific','2','Correct Answer','0.0552','N/A','N/A'),(602,'02-09-2010 00:48:32','coderocker','2','Problem already solved','0.0000','N/A','N/A'),(603,'02-09-2010 00:50:30','paddycoder','2','Correct Answer','0.0554','N/A','N/A'),(604,'02-09-2010 00:55:18','nigami','3','Wrong Answer','0.0530','N/A','N/A'),(605,'02-09-2010 00:58:51','Coder','4','Time Limit Exceeded','4.0000','N/A','N/A'),(606,'02-09-2010 00:59:03','zetto','1','Wrong Answer','0.0893','N/A','N/A'),(607,'02-09-2010 01:00:12','zetto','2','Correct Answer','0.0878','N/A','N/A'),(608,'02-09-2010 01:08:23','sagarchaks','4','Time Limit Exceeded','4.0000','N/A','N/A'),(609,'02-09-2010 01:14:03','naxtre','4','Wrong Answer','0.0575','N/A','N/A'),(610,'02-09-2010 01:25:08','Dcode','2','Wrong Answer','0.0490','N/A','N/A'),(611,'02-09-2010 01:27:52','Dcode','2','Correct Answer','0.0830','N/A','N/A'),(612,'02-09-2010 02:05:16','krad.4sh1sh','4','Wrong Answer','0.0426','N/A','N/A'),(613,'02-09-2010 02:09:05','krad.4sh1sh','4','Wrong Answer','0.0565','N/A','N/A'),(614,'02-09-2010 02:11:52','krad.4sh1sh','4','Wrong Answer','0.0257','N/A','N/A'),(615,'02-09-2010 02:14:05','krad.4sh1sh','4','Compilation Error','0.0000','N/A','N/A'),(616,'02-09-2010 02:14:45','krad.4sh1sh','4','Wrong Answer','0.0771','N/A','N/A'),(617,'02-09-2010 02:16:33','krad.4sh1sh','4','Wrong Answer','0.0730','N/A','N/A'),(618,'02-09-2010 02:23:59','krad.4sh1sh','4','Correct Answer','0.0264','N/A','N/A'),(619,'02-09-2010 02:23:59','krad.4sh1sh','4','Problem already solved','0.0000','N/A','N/A'),(620,'02-09-2010 20:41:55','coderocker','1','Wrong Answer','0.0079','N/A','N/A'),(621,'02-09-2010 21:47:53','beginners','4','Abnormal Termination','0.0345','N/A','N/A'),(622,'02-09-2010 21:50:00','beginners','4','Abnormal Termination','0.0699','N/A','N/A'),(623,'02-09-2010 22:50:59','jogger','1','Compilation Error','0.0000','N/A','N/A'),(624,'03-09-2010 01:05:47','jogger','1','Compilation Error','0.0000','N/A','N/A'),(625,'03-09-2010 22:45:21','beginners','4','Abnormal Termination','0.0954','N/A','N/A'),(626,'06-09-2010 19:38:55','itsme','1','Correct Answer','0.0835','N/A','N/A'),(627,'06-09-2010 19:39:43','itsme','2','Correct Answer','0.0519','N/A','N/A'),(628,'06-09-2010 20:03:18','itsme','4','Correct Answer','0.0681','N/A','N/A'),(629,'07-09-2010 15:05:01','SunilKumar','1','Compilation Error','0.0000','N/A','N/A'),(630,'07-09-2010 15:05:37','SunilKumar','1','Wrong Answer','0.0413','N/A','N/A'),(631,'07-09-2010 15:25:11','SunilKumar','2','Correct Answer','0.0650','N/A','N/A'),(632,'09-09-2010 10:53:18','nigami','3','Wrong Answer','0.0354','N/A','N/A'),(633,'10-09-2010 01:15:21','Dcode','1','Wrong Answer','0.0264','N/A','N/A'),(634,'10-09-2010 01:36:37','Dcode','1','Wrong Answer','0.0268','N/A','N/A'),(635,'10-09-2010 01:38:37','Dcode','1','Wrong Answer','0.0712','N/A','N/A'),(636,'11-09-2010 12:58:09','nigami','3','Wrong Answer','0.0545','N/A','N/A'),(637,'11-09-2010 13:00:27','nigami','3','Correct Answer','0.0191','N/A','N/A'),(638,'11-09-2010 22:37:41','Dcode','1','Wrong Answer','0.0243','N/A','N/A'),(639,'11-09-2010 22:42:14','Dcode','1','Wrong Answer','0.0497','N/A','N/A'),(640,'11-09-2010 22:47:03','Dcode','1','Wrong Answer','0.0193','N/A','N/A'),(641,'11-09-2010 22:49:39','Dcode','1','Wrong Answer','0.0898','N/A','N/A'),(642,'11-09-2010 22:50:49','Dcode','1','Wrong Answer','0.0528','N/A','N/A'),(643,'15-09-2010 14:45:58','itsme','3','Time Limit Exceeded','4.0000','N/A','N/A'),(644,'15-09-2010 15:07:13','itsme','3','Time Limit Exceeded','10.0000','N/A','N/A'),(645,'15-09-2010 15:10:42','itsme','3','Time Limit Exceeded','100.0000','N/A','N/A'),(646,'15-09-2010 15:27:39','admin','4','Wrong Answer','0.0506','N/A','N/A'),(647,'15-09-2010 15:55:20','admin','4','Correct Answer','0.1065','N/A','N/A'),(648,'15-09-2010 15:58:09','admin','4','Correct Answer','0.0198','N/A','N/A'),(649,'15-09-2010 16:00:58','admin','3','Time Limit Exceeded','4.0000','N/A','N/A'),(650,'15-09-2010 16:04:37','admin','3','Time Limit Exceeded','4.0000','N/A','N/A'),(651,'15-09-2010 16:05:58','admin','3','Wrong Answer','0.0330','N/A','N/A'),(652,'15-09-2010 16:07:03','admin','3','Wrong Answer','0.0066','N/A','N/A'),(653,'15-09-2010 16:12:35','admin','3','Wrong Answer','0.0254','N/A','N/A'),(654,'15-09-2010 16:13:55','admin','3','Wrong Answer','0.0808','N/A','N/A'),(655,'15-09-2010 16:14:23','admin','3','Time Limit Exceeded','4.0000','N/A','N/A'),(656,'15-09-2010 16:14:51','admin','3','Time Limit Exceeded','4.0000','N/A','N/A'),(657,'15-09-2010 16:15:17','admin','3','Time Limit Exceeded','4.0000','N/A','N/A'),(658,'15-09-2010 16:15:40','admin','3','Wrong Answer','0.0825','N/A','N/A'),(659,'15-09-2010 16:16:01','admin','3','Time Limit Exceeded','4.0000','N/A','N/A'),(660,'15-09-2010 16:21:55','admin','3','Wrong Answer','0.1462','N/A','N/A'),(661,'15-09-2010 16:24:46','admin','3','Wrong Answer','0.0158','N/A','N/A'),(662,'15-09-2010 16:39:10','admin','3','Wrong Answer','0.0595','N/A','N/A'),(663,'15-09-2010 16:40:35','admin','3','Wrong Answer','0.0139','N/A','N/A'),(664,'15-09-2010 16:43:57','admin','3','Wrong Answer','0.0082','N/A','N/A'),(665,'15-09-2010 16:46:41','admin','4','Problem already solved','0.0000','N/A','N/A'),(666,'15-09-2010 16:47:11','nigami','4','Correct Answer','0.0001','N/A','N/A'),(667,'15-09-2010 16:53:05','nigami','4','Correct Answer','0.0288','N/A','N/A'),(668,'15-09-2010 21:43:12','admin','1','Wrong Answer','0.0084','N/A','N/A'),(669,'15-09-2010 21:43:50','admin','1','Correct Answer','0.0370','N/A','N/A'),(670,'15-09-2010 21:44:22','admin','3','Correct Answer','0.0886','N/A','N/A'),(671,'15-09-2010 21:45:00','admin','4','Problem already solved','0.0000','N/A','N/A'),(672,'15-09-2010 21:45:33','admin','5','Correct Answer','0.1015','N/A','N/A'),(673,'15-09-2010 21:46:14','admin','2','Correct Answer','0.0071','N/A','N/A'),(674,'15-09-2010 21:56:20','admin','1','Correct Answer','0.1371','N/A','N/A'),(675,'15-09-2010 21:56:57','admin','2','Correct Answer','0.0106','N/A','N/A'),(676,'15-09-2010 21:57:24','admin','3','Correct Answer','0.0807','N/A','N/A'),(677,'15-09-2010 21:57:49','admin','4','Correct Answer','0.0869','N/A','N/A'),(678,'15-09-2010 21:58:16','admin','5','Correct Answer','0.0756','N/A','N/A'),(679,'15-09-2010 22:24:52','krad.4sh1sh','1','Correct Answer','0.0679','N/A','N/A'),(680,'15-09-2010 22:26:10','matrixxx','2','Wrong Answer','0.0665','N/A','N/A'),(681,'15-09-2010 22:29:17','matrixxx','2','Wrong Answer','0.0067','N/A','N/A'),(682,'15-09-2010 22:46:31','matrixxx','2','Wrong Answer','0.0292','N/A','N/A'),(683,'15-09-2010 22:55:42','President3','2','Wrong Answer','0.0517','N/A','N/A'),(684,'15-09-2010 22:56:40','foolz','5','Correct Answer','0.0744','N/A','N/A'),(685,'15-09-2010 22:58:04','SunilKumar','1','Compilation Error','0.0000','N/A','N/A'),(686,'15-09-2010 22:59:14','President3','2','Wrong Answer','0.0627','N/A','N/A'),(687,'15-09-2010 22:59:32','President3','2','Wrong Answer','0.0081','N/A','N/A'),(688,'15-09-2010 23:03:36','SunilKumar','1','Compilation Error','0.0000','N/A','N/A'),(689,'15-09-2010 23:04:19','SunilKumar','1','Compilation Error','0.0000','N/A','N/A'),(690,'15-09-2010 23:12:56','baky','5','Correct Answer','0.0128','N/A','N/A'),(691,'15-09-2010 23:21:53','SunilKumar','1','Abnormal Termination','0.0108','N/A','N/A'),(692,'15-09-2010 23:21:56','SunilKumar','1','Abnormal Termination','0.0886','N/A','N/A'),(693,'15-09-2010 23:27:52','President3','2','Wrong Answer','0.0109','N/A','N/A'),(694,'15-09-2010 23:28:44','wyuka','3','Wrong Answer','0.0278','N/A','N/A'),(695,'15-09-2010 23:29:56','President3','2','Wrong Answer','0.0076','N/A','N/A'),(696,'15-09-2010 23:32:02','wyuka','3','Wrong Answer','0.0044','N/A','N/A'),(697,'15-09-2010 23:40:49','SunilKumar','5','Abnormal Termination','0.0719','N/A','N/A'),(698,'15-09-2010 23:41:22','foolz','1','Correct Answer','0.0561','N/A','N/A'),(699,'15-09-2010 23:42:29','SunilKumar','1','Time Limit Exceeded','4.0000','N/A','N/A'),(700,'15-09-2010 23:42:45','SunilKumar','5','Abnormal Termination','0.0090','N/A','N/A'),(701,'15-09-2010 23:43:17','viggy','2','Abnormal Termination','0.0032','N/A','N/A'),(702,'15-09-2010 23:44:11','viggy','2','Correct Answer','0.0068','N/A','N/A'),(703,'15-09-2010 23:44:26','SunilKumar','5','Abnormal Termination','0.1037','N/A','N/A'),(704,'15-09-2010 23:45:40','SunilKumar','5','Abnormal Termination','0.0582','N/A','N/A'),(705,'15-09-2010 23:46:08','SunilKumar','5','Abnormal Termination','0.0178','N/A','N/A'),(706,'15-09-2010 23:46:17','sagarchaks','2','Wrong Answer','0.0709','N/A','N/A'),(707,'15-09-2010 23:49:26','SunilKumar','5','Abnormal Termination','0.0170','N/A','N/A'),(708,'15-09-2010 23:54:13','sagarchaks','2','Compilation Error','0.0000','N/A','N/A'),(709,'15-09-2010 23:55:01','sagarchaks','2','Wrong Answer','0.0411','N/A','N/A'),(710,'15-09-2010 23:55:40','sagarchaks','2','Wrong Answer','0.0726','N/A','N/A'),(711,'15-09-2010 23:57:07','sagarchaks','2','Wrong Answer','0.0101','N/A','N/A'),(712,'16-09-2010 00:00:45','President3','1','Wrong Answer','0.0184','N/A','N/A'),(713,'16-09-2010 00:02:16','paddycoder','2','Compilation Error','0.0000','N/A','N/A'),(714,'16-09-2010 00:04:25','paddycoder','2','Wrong Answer','0.0092','N/A','N/A'),(715,'16-09-2010 00:07:01','paddycoder','2','Wrong Answer','0.0726','N/A','N/A'),(716,'16-09-2010 00:07:36','paddycoder','2','Wrong Answer','0.0705','N/A','N/A'),(717,'16-09-2010 00:07:58','krad.4sh1sh','5','Wrong Answer','0.0236','N/A','N/A'),(718,'16-09-2010 00:10:52','krad.4sh1sh','5','Wrong Answer','0.0265','N/A','N/A'),(719,'16-09-2010 00:12:26','paddycoder','2','Wrong Answer','0.0893','N/A','N/A'),(720,'16-09-2010 00:20:26','foolz','2','Wrong Answer','0.0090','N/A','N/A'),(721,'16-09-2010 00:21:14','SunilKumar','2','Time Limit Exceeded','4.0000','N/A','N/A'),(722,'16-09-2010 00:23:30','wyuka','1','Correct Answer','0.0144','N/A','N/A'),(723,'16-09-2010 00:27:15','paddycoder','2','Wrong Answer','0.0103','N/A','N/A'),(724,'16-09-2010 00:30:10','codermal','2','Abnormal Termination','0.0084','N/A','N/A'),(725,'16-09-2010 00:31:37','wyuka','3','Correct Answer','0.0085','N/A','N/A'),(726,'16-09-2010 00:32:51','SunilKumar','2','Abnormal Termination','0.0254','N/A','N/A'),(727,'16-09-2010 00:34:09','codermal','2','Abnormal Termination','0.0342','N/A','N/A'),(728,'16-09-2010 00:35:48','codermal','2','Abnormal Termination','0.0309','N/A','N/A'),(729,'16-09-2010 00:37:02','sagarchaks','2','Correct Answer','0.1102','N/A','N/A'),(730,'16-09-2010 00:40:24','SunilKumar','2','Abnormal Termination','0.0703','N/A','N/A'),(731,'16-09-2010 00:42:21','codermal','2','Abnormal Termination','0.0068','N/A','N/A'),(732,'16-09-2010 00:43:43','foolz','2','Abnormal Termination','0.0084','N/A','N/A'),(733,'16-09-2010 00:47:26','SunilKumar','2','Abnormal Termination','0.0745','N/A','N/A'),(734,'16-09-2010 00:51:03','foolz','2','Abnormal Termination','0.0578','N/A','N/A'),(735,'16-09-2010 00:51:29','foolz','2','Abnormal Termination','0.0077','N/A','N/A'),(736,'16-09-2010 00:59:22','wyuka','2','Correct Answer','0.0041','N/A','N/A'),(737,'16-09-2010 01:33:59','itsme','1','Compilation Error','0.0000','N/A','N/A'),(738,'16-09-2010 03:18:19','krad.4sh1sh','2','Correct Answer','0.0182','N/A','N/A'),(739,'16-09-2010 12:58:51','krad.4sh1sh','5','Wrong Answer','0.0794','N/A','N/A'),(740,'16-09-2010 13:21:25','krad.4sh1sh','4','Wrong Answer','0.0897','N/A','N/A'),(741,'16-09-2010 15:27:34','krad.4sh1sh','4','Wrong Answer','0.0614','N/A','N/A'),(742,'16-09-2010 15:49:16','baky','4','Wrong Answer','0.8414','N/A','N/A'),(743,'16-09-2010 19:13:38','baky','4','Wrong Answer','0.8461','N/A','N/A'),(744,'16-09-2010 19:29:16','baky','4','Wrong Answer','0.1131','N/A','N/A'),(745,'16-09-2010 19:48:01','krad.4sh1sh','4','Wrong Answer','0.2862','N/A','N/A'),(746,'16-09-2010 19:54:03','baky','4','Correct Answer','0.0563','N/A','N/A'),(747,'16-09-2010 20:27:38','krad.4sh1sh','4','Correct Answer','0.1183','N/A','N/A'),(748,'16-09-2010 20:58:40','baky','2','Wrong Answer','0.0336','N/A','N/A'),(749,'16-09-2010 21:01:42','baky','2','Wrong Answer','0.0313','N/A','N/A'),(750,'16-09-2010 21:05:21','baky','2','Abnormal Termination','0.0709','N/A','N/A'),(751,'16-09-2010 21:06:42','baky','2','Wrong Answer','0.0711','N/A','N/A'),(752,'16-09-2010 21:33:40','baky','2','Wrong Answer','0.0435','N/A','N/A'),(753,'16-09-2010 21:34:36','baky','2','Correct Answer','0.0477','N/A','N/A'),(754,'17-09-2010 15:29:46','Dcode','2','Wrong Answer','0.0556','N/A','N/A'),(755,'17-09-2010 15:54:38','Dcode','2','Wrong Answer','0.0751','N/A','N/A'),(756,'17-09-2010 16:05:58','Dcode','2','Wrong Answer','0.0149','N/A','N/A'),(757,'17-09-2010 16:25:35','Dcode','2','Wrong Answer','0.0419','N/A','N/A'),(758,'17-09-2010 16:26:23','Dcode','2','Wrong Answer','0.0657','N/A','N/A'),(759,'17-09-2010 16:50:59','Dcode','2','Wrong Answer','0.0090','N/A','N/A'),(760,'17-09-2010 17:22:45','Dcode','2','Wrong Answer','0.0276','N/A','N/A'),(761,'17-09-2010 22:56:08','Dcode','2','Wrong Answer','0.0434','N/A','N/A'),(762,'17-09-2010 23:04:56','Dcode','2','Wrong Answer','0.0194','N/A','N/A'),(763,'17-09-2010 23:09:51','Dcode','2','Compilation Error','0.0000','N/A','N/A'),(764,'17-09-2010 23:23:04','Dcode','2','Correct Answer','0.0500','N/A','N/A'),(765,'21-09-2010 01:16:00','202','2','Abnormal Termination','0.0109','N/A','N/A'),(766,'21-09-2010 01:16:34','202','2','Abnormal Termination','0.0357','N/A','N/A'),(767,'21-09-2010 01:17:59','202','2','Abnormal Termination','0.0994','N/A','N/A'),(768,'27-09-2010 08:08:24','Dcode','3','Wrong Answer','0.0593','N/A','N/A'),(769,'29-09-2010 20:14:14','dutta','4','Compilation Error','0.0000','N/A','N/A'),(770,'01-01-2011 22:30:19','krad.4sh1sh','1','Problem already solved','0.0000','N/A','N/A'),(771,'24-01-2011 15:43:06','letsdoit','1','Correct Answer','0.0298','N/A','N/A'),(772,'27-01-2011 16:46:38','abi','3','Compilation Error','0.0000','N/A','N/A'),(773,'28-01-2011 17:13:10','yxrkt512','2','Abnormal Termination','1.9706','N/A','N/A'),(774,'28-01-2011 17:15:17','yxrkt512','2','Abnormal Termination','0.2422','N/A','N/A'),(775,'28-01-2011 17:18:25','yxrkt512','2','Abnormal Termination','0.4102','N/A','N/A'),(776,'28-01-2011 17:45:29','yxrkt512','2','Abnormal Termination','0.1663','N/A','N/A'),(777,'28-01-2011 17:47:32','yxrkt512','2','Abnormal Termination','0.2089','N/A','N/A'),(778,'28-01-2011 20:00:23','yxrkt512','1','Abnormal Termination','1.8874','N/A','N/A'),(779,'28-01-2011 20:03:28','yxrkt512','1','Abnormal Termination','1.7443','N/A','N/A'),(780,'28-01-2011 20:07:04','yxrkt512','1','Abnormal Termination','0.3222','N/A','N/A'),(781,'28-01-2011 20:14:14','yxrkt512','1','Abnormal Termination','0.2993','N/A','N/A'),(782,'28-01-2011 20:25:40','yxrkt512','1','Abnormal Termination','0.4000','N/A','N/A'),(783,'28-01-2011 20:57:08','yxrkt512','1','Abnormal Termination','0.3501','N/A','N/A'),(784,'28-01-2011 21:21:41','yxrkt512','1','Abnormal Termination','0.3272','N/A','N/A'),(785,'28-01-2011 23:05:58','debol66','1','Abnormal Termination','0.1621','N/A','N/A'),(786,'29-01-2011 08:11:03','yxrkt512','1','Abnormal Termination','0.1503','N/A','N/A'),(787,'29-01-2011 12:10:31','admin','1','Problem already solved','0.0000','N/A','N/A'),(788,'29-01-2011 16:21:42','pratikcode','1','Compilation Error','0.0000','N/A','N/A');
/*!40000 ALTER TABLE `compiler` ENABLE KEYS */;
UNLOCK TABLES;

--
-- Table structure for table `daemonstatus`
--

DROP TABLE IF EXISTS `daemonstatus`;
/*!40101 SET @saved_cs_client     = @@character_set_client */;
/*!40101 SET character_set_client = utf8 */;
CREATE TABLE `daemonstatus` (
  `running` varchar(2) DEFAULT 'n'
) ENGINE=MyISAM DEFAULT CHARSET=latin1;
/*!40101 SET character_set_client = @saved_cs_client */;

--
-- Dumping data for table `daemonstatus`
--

LOCK TABLES `daemonstatus` WRITE;
/*!40000 ALTER TABLE `daemonstatus` DISABLE KEYS */;
/*!40000 ALTER TABLE `daemonstatus` ENABLE KEYS */;
UNLOCK TABLES;

--
-- Table structure for table `online`
--

DROP TABLE IF EXISTS `online`;
/*!40101 SET @saved_cs_client     = @@character_set_client */;
/*!40101 SET character_set_client = utf8 */;
CREATE TABLE `online` (
  `username` varchar(30) NOT NULL DEFAULT '',
  `id` int(11) NOT NULL AUTO_INCREMENT,
  PRIMARY KEY (`id`),
  UNIQUE KEY `username` (`username`)
) ENGINE=MyISAM AUTO_INCREMENT=589 DEFAULT CHARSET=latin1;
/*!40101 SET character_set_client = @saved_cs_client */;

--
-- Dumping data for table `online`
--

LOCK TABLES `online` WRITE;
/*!40000 ALTER TABLE `online` DISABLE KEYS */;
INSERT INTO `online` VALUES ('debayan',9),('mitraark',91),('ripper',6),('losers',10),('mshawki86',548),(' NUMBE3R',146),('program',40),('roxy',15),('dudes',16),('manishmap2',63),('Sharks',127),('mng',28),('abs',418),('President3',409),('hat7',301),('him21sri',36),('SuddenCracker',39),('chetan',41),('Vuvuzelas',42),('vivekaxl',43),('sam',44),('vizor',45),('pran',54),('aaaaaaaa',201),('cyberpyrate',161),('timepass',200),('vs4vijay',61),('xamter',56),('enigma',57),('ankiterrific',405),('sunilkumar9474873569',320),('Dcodec',65),('krad.4sh1sh',462),('bhambhani',291),('codechef',73),('codecook',74),('roxy_08',229),('nik',77),('oug',81),('rkcgcat',114),('uog',82),('NUMBER3R',145),('sizzsa',142),('D_CoDe',87),('NUMBE3R',113),('CodeFreak',330),('bloc party',92),('foolz',115),('matrixxx',248),('handle',98),('vineet',102),('vishvas',108),('anuj27',112),('grey hat',335),('Vertigo',129),('rajeshchv16@gmail.com',119),('prayag',120),('sivakumar',121),('bluelotus',160),('hakerkeshav',311),('Marines',147),('4th idiot',128),('rajata12',133),('gff',163),('rajatag12',135),('MASTER_OF_CODE',183),('kumarjit',166),('intel',190),('aag',212),('studio',202),('amit',193),('amitdatta',194),('kumarpraveen',529),('anup1990',205),('doit',207),('d nocturnals',222),('sneh',215),('itsme',430),('beast',217),('jogger',219),('maverick',338),('matrix',239),('firewall',328),('dip_roxx',306),('hi',226),('arpmod',227),('reddevil',277),('shooz',232),('vineetgandhi',233),('sudocode',286),('PVR cinemas',235),('enigma@3',281),('m_v',237),('neo',284),('Duncan',240),('baky',403),('zetto',243),('gammah9217',247),('ankush_goyal',381),('krad_4sh1sh',250),('mani',262),('ssbond',292),('agr.saurav1',255),('anujjvikas',256),('blitzkrieg',271),('deCodec',258),('204',368),('invincibles',260),('abhinav',263),('handakafunda',264),('Elisabeth Constantine',437),('JUST_BIGENNER',317),('ank_goyal',278),('Craft',285),('manunited',280),('hackerkeshav',312),('shailesh.pintu',310),('SunilKumar',382),('nocturnals',365),('AKASH',318),('shakya',370),('black_horse',391),('JZR13',331),('eagleeye',326),('anuj983',336),('debayanin',340),('codermal',343),('gaurak',364),('nocturnal',363),('dutta',443),('fugen',445),('coderocker',366),('ashu',358),('pyav',355),('Sayanta',357),('black horse',383),('viggyprbhu',384),('enjoy',433),('viggy',386),('rahulag',387),('shyguy1188',442),('Dcode',406),('322',407),('guddu.monty',439),('teamxrg',410),('amol_beast',411),('pras_5431',441),('guddu',440),('naxtre',415),('nexgen',444),('krishna',417),('viveknair',498),('motred',458),('moatzshawki',547),('krad4sh1sh',451),('monika',455),('i5124021',456),('binary_termite',474),('ashish or 1=1 #',461),('Bit Brothers',463),('ArmiashkaCheburek',477),('a',466),('wyuka',467),('coolpyro',468),('techwizards',469),('rokr',470),('fullralktime',479),('fulltalktime',480),('aaghran@gmail.com',485),('c3904963',484),('codecraker52427',488),('ALBIN',491),('skjei',492),('sunilkumarsheoran',500),('vipin3105',502),('navin08',503),('ArjBasu',504),('ranjan',506),('ayush',507),('ayushbcs08',508),('rags007',510),('suh_ash2008',560),('==',519),('ajayaajaya387',530),('raviojha23',532),('Sahasrangshu',533),('Monty',534),('ten2naught',535),('misha',537),('shalini.livelyfkingsize.sah@gm',538),('Akinza',539),('jishnu7',540),('misha220284',541),('[SaM]',542),('kingdhiru',544),('jarad',549),('amit_cse',550),('amit_cse379',551),('nigami',553),('Biswajit2010',554),('TanmoyDas',556),('suhash',561),('kalyan507',563),('ashi123',564),('getshirish22',570),('jishnu7@gmail.com',567),('yxrkt512',568),('qwert',572),('sidharthawasthi31',573),('sidharthawasthi',574),('get',575),('',576),('samba123',580),('unni',581),('unnikalathil',582),('kalathil',583),('headrush',584),('navinag',586),('69',588);
/*!40000 ALTER TABLE `online` ENABLE KEYS */;
UNLOCK TABLES;

--
-- Table structure for table `queue`
--

DROP TABLE IF EXISTS `queue`;
/*!40101 SET @saved_cs_client     = @@character_set_client */;
/*!40101 SET character_set_client = utf8 */;
CREATE TABLE `queue` (
  `tname` varchar(20) DEFAULT NULL,
  `code` varchar(32000) DEFAULT NULL,
  `cid` int(11) NOT NULL AUTO_INCREMENT,
  `time` varchar(80) DEFAULT NULL,
  `problemid` varchar(5) DEFAULT NULL,
  `language` varchar(20) DEFAULT NULL,
  PRIMARY KEY (`cid`)
) ENGINE=MyISAM AUTO_INCREMENT=789 DEFAULT CHARSET=latin1;
/*!40101 SET character_set_client = @saved_cs_client */;

--
-- Dumping data for table `queue`
--

LOCK TABLES `queue` WRITE;
/*!40000 ALTER TABLE `queue` DISABLE KEYS */;
/*!40000 ALTER TABLE `queue` ENABLE KEYS */;
UNLOCK TABLES;

--
-- Table structure for table `score`
--

DROP TABLE IF EXISTS `score`;
/*!40101 SET @saved_cs_client     = @@character_set_client */;
/*!40101 SET character_set_client = utf8 */;
CREATE TABLE `score` (
  `tname` varchar(20) NOT NULL,
  `score` int(11) DEFAULT NULL,
  `solved` varchar(40) DEFAULT NULL,
  `sub` int(11) DEFAULT NULL,
  `timestmp` timestamp NOT NULL DEFAULT '0000-00-00 00:00:00',
  `rank` int(11) DEFAULT NULL,
  PRIMARY KEY (`tname`)
) ENGINE=MyISAM DEFAULT CHARSET=latin1;
/*!40101 SET character_set_client = @saved_cs_client */;

--
-- Dumping data for table `score`
--

LOCK TABLES `score` WRITE;
/*!40000 ALTER TABLE `score` DISABLE KEYS */;
INSERT INTO `score` VALUES ('admin',50,'01/2/3/4/5/',6,'2010-09-15 16:28:18',9),('kumar',0,'0',0,'0000-00-00 00:00:00',153),('abcd',0,'0',0,'0000-00-00 00:00:00',140),('ripper',0,'0',0,'0000-00-00 00:00:00',139),('losers',0,'0',0,'0000-00-00 00:00:00',138),('mshawki86',0,'0',0,'0000-00-00 00:00:00',137),('matrix',0,'0',0,'0000-00-00 00:00:00',136),('streetfi8er',0,'0',0,'0000-00-00 00:00:00',135),('dudes',0,'0',0,'0000-00-00 00:00:00',134),('street',0,'0',0,'0000-00-00 00:00:00',133),('IMPSCET',0,'0',0,'0000-00-00 00:00:00',132),('wyuka',450,'01/3/2/',5,'2010-09-15 19:29:23',2),('Kiddo!',0,'0',0,'0000-00-00 00:00:00',131),('beginners',0,'0',0,'0000-00-00 00:00:00',141),('krad.4sh1sh',450,'01/2/4/',10,'2010-09-16 14:57:40',3),('bhambhani',0,'0',0,'0000-00-00 00:00:00',142),('invincibles',0,'0',0,'0000-00-00 00:00:00',152),('ArjBasu',0,'0',0,'0000-00-00 00:00:00',151),('nigami',0,'0',0,'0000-00-00 00:00:00',150),('naren',0,'0',0,'0000-00-00 00:00:00',149),('sudocode',0,'0',0,'0000-00-00 00:00:00',148),('him21sri',0,'0',0,'0000-00-00 00:00:00',147),('incredible',0,'0',0,'0000-00-00 00:00:00',146),('churamani',0,'0',0,'0000-00-00 00:00:00',145),('aaaaaaaa',0,'0',0,'0000-00-00 00:00:00',144),('program',0,'0',0,'0000-00-00 00:00:00',143),('Vuvuzelas',0,'0',0,'0000-00-00 00:00:00',130),('vizor',0,'0',0,'0000-00-00 00:00:00',129),('3-208',0,'0',0,'0000-00-00 00:00:00',128),('Pran',0,'0',0,'0000-00-00 00:00:00',115),('spartans',0,'0',0,'0000-00-00 00:00:00',114),('arpmod',0,'0',0,'0000-00-00 00:00:00',113),('eagleeye',0,'0',0,'0000-00-00 00:00:00',112),('Vertigo',0,'0',0,'0000-00-00 00:00:00',111),('binary_termite',0,'0',0,'0000-00-00 00:00:00',110),('neo',0,'0',0,'0000-00-00 00:00:00',109),('doit',0,'0',0,'0000-00-00 00:00:00',108),('xamter',0,'0',0,'0000-00-00 00:00:00',107),('4th idiot',0,'0',0,'0000-00-00 00:00:00',106),('enigma',0,'0',0,'0000-00-00 00:00:00',116),('codecracker',0,'0',0,'0000-00-00 00:00:00',117),('baky',600,'05/4/2/',11,'2010-09-16 16:04:38',1),('NUMBE3R',0,'0',0,'0000-00-00 00:00:00',127),('matrixxx',0,'0',3,'0000-00-00 00:00:00',204),('manishmap2',0,'0',0,'0000-00-00 00:00:00',126),('vedam',0,'0',0,'0000-00-00 00:00:00',125),('ank_g',0,'0',0,'0000-00-00 00:00:00',124),('Dcode',100,'02/',12,'2010-09-17 17:53:06',8),('mukeshsah',0,'0',0,'0000-00-00 00:00:00',123),('Sharks',0,'0',0,'0000-00-00 00:00:00',122),('foolz',350,'05/1/',6,'2010-09-15 18:11:23',4),('timepass',0,'0',0,'0000-00-00 00:00:00',121),('ankiterrific',0,'0',0,'0000-00-00 00:00:00',120),('codechef',0,'0',0,'0000-00-00 00:00:00',119),('coderocker',0,'0',0,'0000-00-00 00:00:00',118),('D_CoDe',0,'0',0,'0000-00-00 00:00:00',105),('paddycoder',0,'0',6,'0000-00-00 00:00:00',207),('uog',0,'0',0,'0000-00-00 00:00:00',154),('Rocker',0,'0',0,'0000-00-00 00:00:00',181),('vishvas',0,'0',0,'0000-00-00 00:00:00',182),('naxtre',0,'0',0,'0000-00-00 00:00:00',188),('sagarchaks',100,'02/',6,'2010-09-15 19:07:04',7),('bloc party',0,'0',0,'0000-00-00 00:00:00',187),('gammah9217',0,'0',0,'0000-00-00 00:00:00',186),('Coder',0,'0',0,'0000-00-00 00:00:00',185),('vineet',0,'0',0,'0000-00-00 00:00:00',184),('animesh',0,'0',0,'0000-00-00 00:00:00',183),('nimvj',0,'0',0,'0000-00-00 00:00:00',191),('d3',0,'0',0,'0000-00-00 00:00:00',180),('rajatag12',0,'0',0,'0000-00-00 00:00:00',189),('DX',0,'0',0,'0000-00-00 00:00:00',190),('Abhinav',0,'0',0,'0000-00-00 00:00:00',197),('Wrangler',0,'0',0,'0000-00-00 00:00:00',196),('zetto',0,'0',0,'0000-00-00 00:00:00',195),('handakafunda',0,'0',0,'0000-00-00 00:00:00',194),('MASTER_OF_CODE',0,'0',0,'0000-00-00 00:00:00',193),('Marines',0,'0',0,'0000-00-00 00:00:00',192),('kingkhan',0,'0',0,'0000-00-00 00:00:00',179),('busted',0,'0',0,'0000-00-00 00:00:00',178),('itsme',0,'0',1,'0000-00-00 00:00:00',202),('shiba',0,'0',0,'0000-00-00 00:00:00',165),('nobody',0,'0',0,'0000-00-00 00:00:00',164),('bluelotus',0,'0',0,'0000-00-00 00:00:00',163),('intel',0,'0',0,'0000-00-00 00:00:00',162),('deCodec',0,'0',0,'0000-00-00 00:00:00',161),('204',0,'0',0,'0000-00-00 00:00:00',160),('sysprog',0,'0',0,'0000-00-00 00:00:00',159),('abhi',0,'0',0,'0000-00-00 00:00:00',158),('Duncan',0,'0',0,'0000-00-00 00:00:00',157),('dell',0,'0',0,'0000-00-00 00:00:00',156),('davin_uno',0,'0',0,'0000-00-00 00:00:00',166),('hackerkeshav',0,'0',0,'0000-00-00 00:00:00',167),('maximus',0,'0',0,'0000-00-00 00:00:00',177),('crackaton',0,'0',0,'0000-00-00 00:00:00',176),('prabhas22',0,'0',0,'0000-00-00 00:00:00',175),('elite',0,'0',0,'0000-00-00 00:00:00',174),('phlegmatic',0,'0',0,'0000-00-00 00:00:00',173),('aag',0,'0',0,'0000-00-00 00:00:00',172),('sneh',0,'0',0,'0000-00-00 00:00:00',171),('d nocturnals',0,'0',0,'0000-00-00 00:00:00',169),('shoooz',0,'0',0,'0000-00-00 00:00:00',168),('beast',0,'0',0,'0000-00-00 00:00:00',155),('oozeout',0,'0',0,'0000-00-00 00:00:00',170),('PVR cinemas',0,'0',0,'0000-00-00 00:00:00',104),('jogger',0,'0',0,'0000-00-00 00:00:00',55),('roxy_08',0,'0',0,'0000-00-00 00:00:00',41),('pyav',0,'0',0,'0000-00-00 00:00:00',40),('anuj',0,'0',0,'0000-00-00 00:00:00',39),('President3',0,'0',6,'0000-00-00 00:00:00',206),('master_mind',0,'0',0,'0000-00-00 00:00:00',38),('ashu',0,'0',0,'0000-00-00 00:00:00',37),('blitzkrieg',0,'0',0,'0000-00-00 00:00:00',36),('enjoy',0,'0',0,'0000-00-00 00:00:00',35),('shyguy1188',0,'0',0,'0000-00-00 00:00:00',34),('manunited',0,'0',0,'0000-00-00 00:00:00',33),('enigmatic',0,'0',0,'0000-00-00 00:00:00',32),('Craft',0,'0',0,'0000-00-00 00:00:00',31),('abcd1234',0,'0',0,'0000-00-00 00:00:00',42),('abs',0,'0',0,'0000-00-00 00:00:00',43),('ankush_goyal',0,'0',0,'0000-00-00 00:00:00',54),('compile',0,'0',0,'0000-00-00 00:00:00',53),('stealth',0,'0',0,'0000-00-00 00:00:00',52),('ssbond',0,'0',0,'0000-00-00 00:00:00',51),('krishna',0,'0',0,'0000-00-00 00:00:00',50),('SunilKumar',0,'0',16,'0000-00-00 00:00:00',209),('hat6',0,'0',0,'0000-00-00 00:00:00',49),('just_beginners',0,'0',0,'0000-00-00 00:00:00',48),('aaghran',0,'0',0,'0000-00-00 00:00:00',47),('Diptojit',0,'0',0,'0000-00-00 00:00:00',46),('ssp',0,'0',0,'0000-00-00 00:00:00',45),('Codecode',0,'0',0,'0000-00-00 00:00:00',44),('shakya',0,'0',0,'0000-00-00 00:00:00',30),('rockers',0,'0',0,'0000-00-00 00:00:00',29),('redmachine',0,'0',0,'0000-00-00 00:00:00',18),('asdfg',0,'0',0,'0000-00-00 00:00:00',17),('firewall',0,'0',0,'0000-00-00 00:00:00',16),('CodeFire',0,'0',0,'0000-00-00 00:00:00',15),('CodeFreak',0,'0',0,'0000-00-00 00:00:00',14),('gmail',0,'0',0,'0000-00-00 00:00:00',13),('Grey Hat',0,'0',0,'0000-00-00 00:00:00',12),('codermal',0,'0',4,'0000-00-00 00:00:00',205),('teamxrg',0,'0',0,'0000-00-00 00:00:00',19),('nsckgjyaanq',0,'0',0,'0000-00-00 00:00:00',20),('HORROR',0,'0',0,'0000-00-00 00:00:00',28),('viggy',100,'02/',2,'2010-09-15 18:14:13',6),('pict',0,'0',0,'0000-00-00 00:00:00',24),('agarwalrahul',0,'0',0,'0000-00-00 00:00:00',23),('322',0,'0',0,'0000-00-00 00:00:00',21),('boka',0,'0',0,'0000-00-00 00:00:00',10),('202',0,'0',3,'0000-00-00 00:00:00',203),('InfiniteLopp',0,'0',0,'0000-00-00 00:00:00',22),('pras_5431',0,'0',0,'0000-00-00 00:00:00',25),('dutta',0,'0',1,'0000-00-00 00:00:00',200),('charan',0,'0',0,'0000-00-00 00:00:00',26),('lynckikeevove',0,'0',0,'0000-00-00 00:00:00',27),('trinity',0,'0',0,'0000-00-00 00:00:00',11),('vintersana',0,'0',0,'0000-00-00 00:00:00',103),('Coders',0,'0',0,'0000-00-00 00:00:00',90),('kalpesh',0,'0',0,'0000-00-00 00:00:00',89),('bintterazmwek',0,'0',0,'0000-00-00 00:00:00',88),('Bit Brothers',0,'0',0,'0000-00-00 00:00:00',87),('a',0,'0',0,'0000-00-00 00:00:00',86),('techwizards',0,'0',0,'0000-00-00 00:00:00',85),('ArmiashkaCheburek',0,'0',0,'0000-00-00 00:00:00',84),('rokr',0,'0',0,'0000-00-00 00:00:00',83),('navinag',0,'0',0,'0000-00-00 00:00:00',82),('FranC',0,'0',0,'0000-00-00 00:00:00',81),('c3904963',0,'0',0,'0000-00-00 00:00:00',91),('',0,'0',0,'0000-00-00 00:00:00',92),('ACRush',0,'0',0,'0000-00-00 00:00:00',102),('letsdoit',100,'01/',1,'2011-01-24 10:13:10',5),('asdadsada',0,'0',0,'0000-00-00 00:00:00',101),('asdad',0,'0',0,'0000-00-00 00:00:00',100),('vipin3105',0,'0',0,'0000-00-00 00:00:00',99),('biswajit2010',0,'0',0,'0000-00-00 00:00:00',98),('ranjan',0,'0',0,'0000-00-00 00:00:00',97),('ayushsn1',0,'0',0,'0000-00-00 00:00:00',96),('rags007',0,'0',0,'0000-00-00 00:00:00',95),('kumarpraveen',0,'0',0,'0000-00-00 00:00:00',94),('navin',0,'0',0,'0000-00-00 00:00:00',93),('ahemahem',0,'0',0,'0000-00-00 00:00:00',80),('raviojha23',0,'0',0,'0000-00-00 00:00:00',79),('Monty',0,'0',0,'0000-00-00 00:00:00',66),('ten2naught',0,'0',0,'0000-00-00 00:00:00',65),('yohan',0,'0',0,'0000-00-00 00:00:00',64),('misha',0,'0',0,'0000-00-00 00:00:00',63),('Akinza',0,'0',0,'0000-00-00 00:00:00',62),('jishnu7',0,'0',0,'0000-00-00 00:00:00',61),('misha220284',0,'0',0,'0000-00-00 00:00:00',60),('kingdhiru',0,'0',0,'0000-00-00 00:00:00',59),('jarad',0,'0',0,'0000-00-00 00:00:00',58),('ksinkar',0,'0',0,'0000-00-00 00:00:00',57),('NEEDLE',0,'0',0,'0000-00-00 00:00:00',67),('abi',0,'0',1,'0000-00-00 00:00:00',201),('TanmoyDas',0,'0',0,'0000-00-00 00:00:00',68),('Aditya',0,'0',0,'0000-00-00 00:00:00',78),('sunny',0,'0',0,'0000-00-00 00:00:00',77),('suhash',0,'0',0,'0000-00-00 00:00:00',76),('kalyan507',0,'0',0,'0000-00-00 00:00:00',75),('ashi123',0,'0',0,'0000-00-00 00:00:00',74),('srikanth',0,'0',0,'0000-00-00 00:00:00',73),('qwert',0,'0',0,'0000-00-00 00:00:00',72),('yxrkt512',0,'0',13,'0000-00-00 00:00:00',208),('getshirish22',0,'0',0,'0000-00-00 00:00:00',71),('debol66',0,'0',1,'0000-00-00 00:00:00',199),('sidharthawasthi',0,'0',0,'0000-00-00 00:00:00',70),('pratikcode',0,'0',1,'0000-00-00 00:00:00',198),('samba123',0,'0',0,'0000-00-00 00:00:00',69),('headrush',0,'0',0,'0000-00-00 00:00:00',56);
/*!40000 ALTER TABLE `score` ENABLE KEYS */;
UNLOCK TABLES;

--
-- Table structure for table `session`
--

DROP TABLE IF EXISTS `session`;
/*!40101 SET @saved_cs_client     = @@character_set_client */;
/*!40101 SET character_set_client = utf8 */;
CREATE TABLE `session` (
  `session_id` int(50) NOT NULL,
  PRIMARY KEY (`session_id`)
) ENGINE=MyISAM DEFAULT CHARSET=latin1;
/*!40101 SET character_set_client = @saved_cs_client */;

--
-- Dumping data for table `session`
--

LOCK TABLES `session` WRITE;
/*!40000 ALTER TABLE `session` DISABLE KEYS */;
/*!40000 ALTER TABLE `session` ENABLE KEYS */;
UNLOCK TABLES;

--
-- Table structure for table `status`
--

DROP TABLE IF EXISTS `status`;
/*!40101 SET @saved_cs_client     = @@character_set_client */;
/*!40101 SET character_set_client = utf8 */;
CREATE TABLE `status` (
  `cid` int(11) NOT NULL DEFAULT '0',
  `result` varchar(200) NOT NULL DEFAULT 'WE ARE EXPERIENCING TECHNICAL DIFFICULTIES',
  PRIMARY KEY (`cid`)
) ENGINE=MyISAM DEFAULT CHARSET=latin1;
/*!40101 SET character_set_client = @saved_cs_client */;

--
-- Dumping data for table `status`
--

LOCK TABLES `status` WRITE;
/*!40000 ALTER TABLE `status` DISABLE KEYS */;
INSERT INTO `status` VALUES (22,'Correct Answer'),(23,'Correct Answer'),(24,'Wrong Answer'),(25,'Wrong Answer'),(27,'Problem already solved'),(28,'Correct Answer'),(31,'Correct Answer'),(32,'Correct Answer'),(35,'Compilation Error'),(124,'Abnormal Termination'),(125,'Correct Answer'),(307,'Correct Answer'),(306,'Correct Answer'),(308,'Problem already solved'),(313,'Compilation Error'),(314,'Compilation Error'),(315,'Compilation Error'),(316,'Compilation Error'),(317,'Abnormal Termination'),(318,'Abnormal Termination'),(319,'Problem already solved'),(320,'Abnormal Termination'),(321,'Abnormal Termination'),(326,'Abnormal Termination'),(325,'Correct Answer'),(333,'Compilation Error'),(335,'Compilation Error'),(336,'Compilation Error'),(340,'Abnormal Termination'),(341,'Abnormal Termination'),(375,'Correct Answer'),(376,'Compilation Error'),(377,'Compilation Error'),(378,'Compilation Error'),(379,'Compilation Error'),(380,'Problem already solved'),(383,'Compilation Error'),(385,'Compilation Error'),(386,'Compilation Error'),(389,'Compilation Error'),(390,'Compilation Error'),(391,'Compilation Error'),(408,'Wrong Answer'),(409,'Correct Answer'),(524,'Compilation Error'),(525,'Compilation Error'),(526,'Compilation Error'),(527,'Compilation Error'),(528,'Compilation Error'),(529,'Compilation Error'),(530,'Compilation Error'),(531,'Correct Answer'),(532,'Problem already solved'),(533,'Compilation Error'),(534,'Wrong Answer'),(535,'Wrong Answer'),(536,'Correct Answer'),(537,'Abnormal Termination'),(538,'Abnormal Termination'),(541,'Correct Answer'),(540,'Correct Answer'),(619,'Problem already solved'),(620,'Wrong Answer'),(621,'Abnormal Termination'),(622,'Abnormal Termination'),(623,'Compilation Error'),(624,'Compilation Error'),(625,'Abnormal Termination'),(632,'Wrong Answer'),(633,'Wrong Answer'),(634,'Wrong Answer'),(635,'Wrong Answer'),(645,'Time Limit Exceeded'),(739,'Wrong Answer'),(740,'Wrong Answer'),(741,'Wrong Answer'),(742,'Wrong Answer'),(765,'Abnormal Termination'),(766,'Abnormal Termination'),(767,'Abnormal Termination'),(769,'Compilation Error'),(770,'Problem already solved'),(779,'Abnormal Termination'),(778,'Abnormal Termination'),(780,'Abnormal Termination'),(781,'Abnormal Termination'),(782,'Abnormal Termination'),(783,'Abnormal Termination'),(784,'Abnormal Termination'),(785,'Abnormal Termination'),(786,'Abnormal Termination'),(787,'Problem already solved'),(788,'Compilation Error');
/*!40000 ALTER TABLE `status` ENABLE KEYS */;
UNLOCK TABLES;

--
-- Table structure for table `team`
--

DROP TABLE IF EXISTS `team`;
/*!40101 SET @saved_cs_client     = @@character_set_client */;
/*!40101 SET character_set_client = utf8 */;
CREATE TABLE `team` (
  `tname` varchar(20) NOT NULL,
  `tpass` varchar(20) NOT NULL,
  `user1` varchar(25) DEFAULT NULL,
  `user2` varchar(25) DEFAULT NULL,
  `tid` int(15) DEFAULT NULL,
  PRIMARY KEY (`tname`),
  UNIQUE KEY `user1` (`user1`),
  UNIQUE KEY `tid` (`tid`)
) ENGINE=MyISAM DEFAULT CHARSET=latin1;
/*!40101 SET character_set_client = @saved_cs_client */;

--
-- Dumping data for table `team`
--

LOCK TABLES `team` WRITE;
/*!40000 ALTER TABLE `team` DISABLE KEYS */;
INSERT INTO `team` VALUES ('admin','linux!@#LINUX','admin','',19190),('kumar','250218','kumar','',31798),('ripper','chandran','prayag','',14645),('losers','speaker123','debayan','',63605),('mshawki86','Mezo86','mshawki86','',31410),('streetfi8er','Pikachu','pranay','',25968),('dudes','87123','sagar','',9942),('street','hello','street','',41781),('IMPSCET','ilovecodes','Mainakz','',87028),('wyuka','SifyIway','wyuka','',27926),('beginners','imagin','mng','',95058),('krad.4sh1sh','ajayrita','krad.4sh1sh','',84720),('bhambhani','bhambhani','bhambhani','',48818),('ArjBasu','hppavillion','Arj','',16084),('nigami','imagin','69','',58549),('him21sri','acmicpc','him21sri','',29171),('churamani','standard,chura**','aaaaaaaa','',20338),('aaaaaaaa','standard,chura**','dell','',4179),('program','program','chetan','',45172),('Vuvuzelas','raunaq09alice21','raunaq1990','',73202),('vizor','vizor','sam','',1750),('Pran','naveen1990','ABCD','',3607),('spartans','300spartans','kndubey','',36851),('eagleeye','nitdgp@lug','eagleeye','',24243),('binary_termite','loverboy','abhimanyu23','',50765),('doit','alias','doit','',11591),('xamter','bbbnnn','samxan','',9717),('enigma','itsRocking','enigma','',23797),('codecracker','ajoykrishna','ruchikabanerjee','',20944),('NUMBE3R','sonisoni','vs4vijay','',87668),('manishmap2','maihuna..','manishmap2','',369),('Dcode','cooldude','Dcode','',16566),('mukeshsah','9735861302','mukesh2011','',95922),('Sharks','sharks','gurpreet_09','',41141),('timepass','123456','AC9','',44467),('ankiterrific','ankitarun','ankiterrific','',5871),('codechef','?????','codechef','',46323),('coderocker','rambo','coderocker','',7537),('D_CoDe','raps','D_Coders','',23925),('uog','gourab','oug','',6304),('Rocker','mainhundon','Naimuddin','',62325),('naxtre','bhulbina','samxan_','naxtre',11445),('sagarchaks','name1289','sagarchaks','',32433),('bloc party','baalbichi','mitraark','',36881),('gammah9217','9433886984','gamma_tandon','',40305),('vineet','roger','vg','',2805),('vishvas','123','apple','',71156),('foolz','qwerty123','anuj27','',25078),('sudocode','nitdurgapur','sivakumar','',6995),('ank_g','ramayan','ank_g','',18102),('naren','jagruthi','naren','',6198),('Coder','Coder','Coder','',28406),('Vertigo','Gabriel','vian','',98036),('4th idiot','qwerty','4th idiot','',63346),('d3','bhosadiwala','mustafha','',2317),('rajatag12','krishna','rajatag12','',57683),('DX','degenerationx','saurav','',1673),('Wrangler','9836327264','kk','',11859),('MASTER_OF_CODE','xnaprogrammer','DEVRAJ_GOD','',6637),('Marines','Commando','Marine','',3540),('kingkhan','kingkhan','kingkhan','',45235),('busted','bustedbusted','suckzz','',63413),('itsme','itsme!@#','itsme','',22742),('nobody','madhukunj','nobody','',14965),('bluelotus','kxt7960id2sc','bluelotus','',78514),('intel','intel','intel','',8758),('deCodec','welcome','agr.saurav1','',60788),('204','QwertY','amitdatta','',7280),('sysprog','sysprogpass','eruku','',18164),('abhi','abhi','abhishek','',6087),('Duncan','arsumu','Sudipto','Mukul',17845),('dell','standard,chura*','studio','',10503),('hackerkeshav','jhansikirani','kesh','kartikeya',7599),('maximus','durgapur','anupam1990','',66932),('crackaton','benditlikeme','ak47','',18802),('prabhas22','allupr','prabhu','',96946),('elite','zxcvbh123','hacker','',12950),('phlegmatic','impassivity','satastatic','',7601),('aag','johncenajohncena','arijit','',5504),('sneh','enter','sneh','',15095),('d nocturnals','singabonga','gauravk','',74671),('beast','jaishiva','fat_beast','',28086),('oozeout','oozeout','oozeout','',48244),('jogger','rabhiojha','jogger','',34101),('roxy_08','sagar','sagar_08','',29684),('PVR cinemas','rajesh','PVR','',82032),('paddycoder','ramram','paddy','',47505),('arpmod','arpit','arpmod826','',54453),('abcd','abcd','hi','',13815),('shoooz','shivi','shivangi','',2869),('davin_uno','davincoder','davin_uno','',7506),('shiba','sriyaa','shibacool143','',15830),('matrix','matrix','m_v','',35189),('baky','bishal','baky','',9047),('nimvj','popular','vjnim','',18166),('animesh','2010','animesh','',91124),('zetto','zetto','zetto','',27158),('vedam','vedam','vedam','',27190),('invincibles','victory','abhi','',73552),('matrixxx','vikash7','me_vikash7','',53491),('Abhinav','abhinav2010','abhinavrisal','',45044),('3-208','h3208','Rohit208','',16054),('neo','anuj','anujvikas','',5584),('Kiddo!','oops','NA','',60469),('handakafunda','abcdef','arjya nathvani','',85711),('incredible','9450264779','incredibleindia','',69297),('master_mind','subhajit','master_mind','',51184),('blitzkrieg','fuckyou','blitzkrieg','',19473),('manunited','manutd19','reddevil','',14002),('enigmatic','qwertyasdf','enigma@3','',25074),('Craft','08/cse/401106AX','kjd_sin','',14806),('ankush_goyal','ramayan','ankush_goyal','',33711),('compile','icanwinu','ritesh','',89844),('ssbond','ssbond','shailesh','',21493),('SunilKumar','9474873569','Sunilkumarsheor','',65553),('hat6','9308130991','rakes','',1255),('just_beginners','WE are BUSY','Akash_mishra','',74477),('aaghran','cobra1','aaghran','',89972),('Diptojit','higuro','dip_roxx','',47795),('ssp','sspsspssp','pradeep kumar','',616),('shakya','singh2008','shakya','',15477),('rockers','asdfghjkl','qwerty','',14708),('asdfg','crackcode','asdfg','',14550),('firewall','56905690','binary','',13907),('CodeFire','nitdurgapur','ayush1992','',87027),('CodeFreak','thechamps','umang1992','',78866),('gmail','gmail','gmail','',5142),('Grey Hat','123456','ankesh.khemani','',16563),('codermal','gangster','codermal','',18675),('abcd1234','abcd','abcd1234','',23891),('stealth','crackcode','stealth','',40564),('ashu','diwas','ashu','',15783),('nsckgjyaanq','4Cmoe','nsckgjyaanq','',61552),('HORROR','sunava','black horse','',21237),('viggy','viggy','viggy','',28310),('pict','nature143','AaronStone','',15863),('agarwalrahul','college','rahulag.','',39791),('322','kunal','black_horse','',5088),('anuj','qwerty','anuj','',711),('President3','luvurfamily','General','',78513),('teamxrg','09it11','blatant','',73204),('enjoy','quantum','enjoy','',30742),('krishna','radhamadhav','amol_beast','',9716),('shyguy1188','shyguy','shyguy1188','',20497),('abs','abs','abs','',5968),('Codecode','edoc','Codecode','',5875),('boka','7602652091','boka','',7879),('202','202','202','',56),('InfiniteLopp','130','anand_bitmesra','',57999),('pras_5431','23215431','guddu.monty','',19474),('dutta','dutta','dutta','',502),('charan','charan','charan','',63669),('lynckikeevove','F0Ti0VH217','lynckikeevove','',16302),('trinity','amandeep','reever','',29172),('vintersana','zNFbydn492','vintersana','',63473),('Coders','24025253','motred','',22517),('kalpesh','1357267','kalpesh','',66548),('bintterazmwek','61g4xhD535','bintterazmwek','',55278),('Bit Brothers','tchaf123','sobingt','',87791),('a','a','a','',1692),('techwizards','raaz9677229588','raazprakash','',70736),('ArmiashkaCheburek','WP0nvGe775','ArmiashkaCheburek','',84970),('rokr','rokr','iamrokr','',6391),('navinag','2167969979','navinag','==',5236),('FranC','680984shyama','FranC','',22134),('c3904963','fuckyou','c3904963','',18419),('','fd9c06cbf5','','',753),('ACRush','mitrichev','ACRush','',38773),('letsdoit','letsdoit','letsdoit','',90451),('asdadsada','asdfgh','asdadsada','',60402),('asdad','!@#$%','asdad','',25334),('vipin3105','vipin3105','vipin3105','',70994),('biswajit2010','qwerty','biswajit2010','',27087),('ranjan','9800800863','ranjan','',51445),('ayushsn1','abcde','ayushsn1','',81651),('rags007','dattebayo','rags007','',57204),('kumarpraveen','9232575381','kumarpraveen','',51247),('navin','navin','navin','',3254),('raviojha23','kramermannam','raviojha23','',35569),('Monty','23215431','Monty','',28790),('ten2naught','ptmltrlcdcrckr','ten2naught','',94929),('yohan','DyslexicPower','yohan','',24182),('misha','nichtsistunmogli','misha','',4278),('Akinza','sanju','Akinza','',14197),('misha220284','db912c98bf','misha220284','',400),('kingdhiru','26668493','kingdhiru','',58226),('jarad','pretender409','jarad','',23862),('ksinkar','mirodov','ksinkar','',18676),('NEEDLE','WATERWATER','NEEDLE','',31605),('abi','123456','abi','',4392),('TanmoyDas','codecracker','TanmoyDas','',96594),('Aditya','abc123','Aditya','',12981),('sunny','is118','sunny','',15350),('suhash','ilovemyfriends','suhash','',33525),('kalyan507','infrared507','kalyan507','',59890),('ashi123','ashikbabu','ashi123','',42868),('srikanth','435766','srikanth','',10675),('qwert','qwert','qwert','',26550),('yxrkt512','publicaccess','yxrkt512','',42227),('getshirish22','jarad22','getshirish22','',67919),('debol66','fuckyou3321','debol66','',70772),('sidharthawasthi','qwertyqazsidshiv','sidharthawasthi','',72172),('pratikcode','creativity','pratikcode','',94545),('samba123','ababab','samba123','',62451),('headrush','yellow','headrush','',54451);
/*!40000 ALTER TABLE `team` ENABLE KEYS */;
UNLOCK TABLES;

--
-- Table structure for table `user`
--

DROP TABLE IF EXISTS `user`;
/*!40101 SET @saved_cs_client     = @@character_set_client */;
/*!40101 SET character_set_client = utf8 */;
CREATE TABLE `user` (
  `fname` varchar(25) DEFAULT NULL,
  `lname` varchar(20) DEFAULT NULL,
  `sex` char(1) DEFAULT NULL,
  `roll` varchar(20) DEFAULT NULL,
  `dep` varchar(20) DEFAULT NULL,
  `year` varchar(8) DEFAULT NULL,
  `email` varchar(35) DEFAULT NULL,
  `mobile` varchar(20) DEFAULT NULL,
  `username` varchar(20) NOT NULL,
  `password` varchar(25) DEFAULT NULL,
  `tname` varchar(20) DEFAULT NULL,
  `hall` int(1) DEFAULT NULL,
  `room` int(3) DEFAULT NULL,
  `reg` varchar(1) DEFAULT NULL,
  `regno` int(6) DEFAULT NULL,
  `college` varchar(50) DEFAULT NULL,
  PRIMARY KEY (`username`)
) ENGINE=MyISAM DEFAULT CHARSET=latin1;
/*!40101 SET character_set_client = @saved_cs_client */;

--
-- Dumping data for table `user`
--

LOCK TABLES `user` WRITE;
/*!40000 ALTER TABLE `user` DISABLE KEYS */;
INSERT INTO `user` VALUES ('admin','admin','M','07/IT','IT','','codecracker@lug.nitdgp.ac.in','','admin','linux!@#LINUX','admin',NULL,NULL,NULL,0,'NIT Durgapur'),('Praveen','Kumar','M','11/IT/3','IT','','praveen@gmail.com','9232575381','kumar','250218','kumar',NULL,NULL,NULL,0,'NIT Durgapur'),('prayag','C N','M','07/IT/47','IT','Fourth','prayagchandran@gmail.com','9734703312','prayag','5965c7e7d3','ripper',NULL,NULL,NULL,0,'NIT Dgp'),('Debayan','Banerjee','M','05/IT/28','','','debayanin@gmail.com','','debayan','speaker123','losers',NULL,NULL,NULL,0,'NIT Dgp'),('moatz','Shawki','M','435435','','','moatzshawki@gmail.com','','mshawki86','Mezo86','mshawki86',NULL,NULL,NULL,0,'sdfds'),('pranay','agarwal','M','07/it/04','IT','Fourth','streetfi8er@gmail.com','','pranay','Pikachu','streetfi8er',NULL,NULL,NULL,0,'nit durgapur'),('sagar','choudhury','M','08/cse/46','CSE','Third','sagarchoudhury56@gmail.com','9433234289','sagar','09853855625','dudes',NULL,NULL,NULL,0,'nit,dgp'),('pranay','agarwal','M','08/it/04','IT','Third','street@gmail.com','','street','hello','street',NULL,NULL,NULL,0,'nit durgapur'),('Mainak','Adhikary','M','54','IT','Third','m_mainak_2007@yahoo.com','9641075924','Mainakz','ilovecodes','IMPSCET',NULL,NULL,NULL,0,'IMPS College Of Engg. & Tech.'),('Tirtha','Chatterjee','M','09/CSE/12','CSE','Second','tirtha.p.chatterjee@gmail.com','9635640273','wyuka','SifyIway','wyuka',NULL,NULL,NULL,0,'NIT Durgapur'),('Manish','Gupta','M','08/CSE/62','CSE','Third','manish.mng@gmail.com','9002784110','mng','imagin','beginners',NULL,NULL,NULL,0,'NIT DGP'),('Ashish','Mehta','M','76','CSE','Third','krad.4sh1sh@gmail.com','9800931417','krad.4sh1sh','ajayrita','krad.4sh1sh',NULL,NULL,NULL,0,'NIT Durgapur'),('anuj','kumar','M','08/cse/65','CSE','Third','anuj.bhambhani@gmail.com','9679635700','bhambhani','bhambhani','bhambhani',NULL,NULL,NULL,0,'nit dgp'),('Arjun','Basu','M','09/ECE/27','ECE','Second','arjunthemaster8@gmail.com','','Arj','hppavillion','ArjBasu',NULL,NULL,NULL,0,'NIT Durgapur'),('anoop','chaurasiya','M','08/cse/60','CSE','Third','anoopchaurasiya1@gmail.com','','69','sixtynine','nigami',NULL,NULL,NULL,0,'NIT DGP'),('Himanshu','Srivastava','M','08/IT/53','IT','Third','him21sri@gmail.com','9002818223','him21sri','acmicpc','him21sri',NULL,NULL,NULL,0,'NIT DGP'),('churamani','prasad','M','08002049','CHE','Third','cprasad111@gmail.com','9769798483','aaaaaaaa','standard,chura**','churamani',NULL,NULL,NULL,0,'iit bombay'),('churamani','prasad','M','08002049','CHE','Third','cprasad111@gmail.com','9769798483','dell','standard,chura**','aaaaaaaa',NULL,NULL,NULL,0,'iit bombay'),('chetan','pandey','M','08/mca/25','MCA','Third','pandeychetan027@gmail.com','9800931307','chetan','program','program',NULL,NULL,NULL,0,'nitdgp'),('Raunaq','Biswas','M','08/CSE/04','CSE','Third','raunaq.nit@gmail.com','9475314402','raunaq1990','raunaq2009','Vuvuzelas',NULL,NULL,NULL,0,'NIT Durgapur'),('Vivek','Nair','M','09/it/416','IT','Second','vivekaxl@gmail.com','','sam','f16bed5618','vizor',NULL,NULL,NULL,0,'Nit dgp'),('Naveen','Singh','M','08-cse-35','CSE','Third','premrambhaamannaveen@gmail.com','9475378835','ABCD','naveen1990','Pran',NULL,NULL,NULL,0,'NIT Durgapur'),('Krishna N','Dubey','M','07/IT/28','IT','Fourth','kndubey88@gmail.com','9775358613','kndubey','9819347549','spartans',NULL,NULL,NULL,0,'NIT Durgapur'),('Anand','Verma','M','07/IT/03','IT','Fourth','verma.anand09@gmail.com','','eagleeye','nitdgp@lug','eagleeye',NULL,NULL,NULL,0,'NIT Durgapur'),('abhimanyu','srivastava','M','08/cse/19','CSE','Third','manyunitdgp@gmail.com','9475379003','abhimanyu23','loverboy','binary_termite',NULL,NULL,NULL,0,'nit durgapur'),('nayan','kapri','M','08/cse/33','CSE','Third','nayanranjan.2512@gmail.com','9475370730','doit','alias','doit',NULL,NULL,NULL,0,'nit dgp'),('Samikshan','Bairagya','M','09/CSE/42','CSE','Second','samikshan@gmail.com','9432836660','samxan','pupicuti','xamter',NULL,NULL,NULL,0,'NIT Durgapur'),('Saurabh','Araiyer','M','09/CSE/50','CSE','Second','sizzsa@gmail.com','9002948106','enigma','itsRocking','enigma',NULL,NULL,NULL,0,'NIT Durgapur'),('Ruchika','Banerjee','F','101033','','','rchk.banerjee@gmail.com','','ruchikabanerjee','ajoykrishna','codecracker',NULL,NULL,NULL,0,'Dr B.C Roy Engineering college '),('Vijay','Soni','M','08CE90','CSE','Third','vs4vijay@gmail.com','','vs4vijay','111111','NUMBE3R',NULL,NULL,NULL,0,'Govt. Engg. College Ajmer'),('Manish','Agrahari','M','08/CSE/63','CSE','Third','manishald.nitdgp@gmail.com','9933919061','manishmap2','maihuna..','manishmap2',NULL,NULL,NULL,0,'NIT Durgapur'),('Amit','Bansal','M','09/IT/40','IT','Second','friend92.4@gmail.com','+919641028997','Dcode','cooldude','Dcode',NULL,NULL,NULL,0,'NIT Durgapur'),('mukesh','kumar sah','M','09/ece/04','ECE','Second','mukesh.sah2011@gmail.com','9093141851','mukesh2011','9735861302','mukeshsah',NULL,NULL,NULL,0,'nit durgapur'),('Gurpreet','Singh','M','08100EN003','CSE','Third','gurpreet.1629@gmail.com','09648089759','gurpreet_09','jasprit','Sharks',NULL,NULL,NULL,0,'IT-BHU'),('Aseem ','Kumar','M','08100en016','CSE','Third','itbhuaseem@gmail.com','9452350206','AC9','123456','timepass',NULL,NULL,NULL,0,'IT-BHU'),('Ankit','Arun','M','08/IT/11','IT','Third','talk.ankit373@gmail.com','9635333100','ankiterrific','ankitarun','ankiterrific',NULL,NULL,NULL,0,'NIT durgapur'),('Rahul','Rai','M','08/IT/45','IT','Third','ulticool08@gmail.com','9635931331','codechef','?????','codechef',NULL,NULL,NULL,0,'NIT durgapur'),('Rahul','kumar','M','08/IT/44','IT','Third','ulticool08@gmail.com','','coderocker','rambo','coderocker',NULL,NULL,NULL,0,'NIT durgapur'),('Ratul','Hazra','M','09/ECE/57','ECE','Second','hazraratul@gmail.com','9674390357','D_Coders','raps','D_CoDe',NULL,NULL,NULL,0,'NIT Dgp'),('oug/','pat','M','00/qq/11','MBA','Fourth','its.gourab1@gmail.com','9609665384','oug','gourab','uog',NULL,NULL,NULL,0,'NIT'),('Naimuddin','Shekh','M','08/CSE/21','CSE','Third','md.naimuddin.shekh@gmail.com','','Naimuddin','jackpot','Rocker',NULL,NULL,NULL,0,'NIT DGP'),('Samikshan','Bairagya','M','09/CSE/42','CSE','Second','samikshan@gmail.com','9432836660','samxan_','pupicuti','naxtre',NULL,NULL,NULL,0,'NIT Durgapur'),('Sagar','Chakraborty','M','09/CSE/07','CSE','Second','sagar_dbl@yahoo.co.in','9433079939','sagarchaks','name1289','sagarchaks',NULL,NULL,NULL,0,'NIT Durgapur'),('Arko Prateek','Mitra','M','09/IT/14','IT','Second','mitraark@gmail.com','9836584985','mitraark','baalbichi','bloc party',NULL,NULL,NULL,0,'NIT Durgapur'),('Shashwat','Tandon','M','10/078','CSE','First','shashwat.tandon2007@gmail.com','9903582648','gamma_tandon','9903582648','gammah9217',NULL,NULL,NULL,0,'NIT DGP'),('vineet','gandhi','M','09/it/69','IT','Second','vgvineet4@gmail.com','9641994898','vg','willsmith','vineet',NULL,NULL,NULL,0,'NIT dgp'),('divyanshu','singh','M','09/it/78','IT','Second','singhspassion@gmail.com','9851789800','apple','123','vishvas',NULL,NULL,NULL,0,'nit dgp'),('Anuj','Kalbalia','M','07/IT/13','IT','Fourth','anuj.kalbalia@gmail.com','9432932986','anuj27','qwerty123','foolz',NULL,NULL,NULL,0,'NIT Durgapur'),('siva','kumar reddy','M','08mca37','MCA','Third','siva37.dgp@gmail.com','9851015813','sivakumar','siva','sudocode',NULL,NULL,NULL,0,'nit,durgapur'),('ankush','goyal','M','08100EN002','CSE','Third','ankush.goyal.19@gmail.com','9889482168','ank_g','ramayan','ank_g',NULL,NULL,NULL,0,'it-bhu'),('narendra','reddy','M','08/mca/54','MCA','Third','naren.nitdgp@gmail.com','9851015813','naren1','jagruthi','naren',NULL,NULL,NULL,0,'nitdurgapur'),('narendra','reddy','M','08/mca/54','MCA','Third','naren.nitdgp@gmail.com','9851015813','naren','jagruthi','naren',NULL,NULL,NULL,0,'nitdurgapur'),('Sayanta','Bhar','M','07/CSE/22','CSE','Fourth','sayantasundarbhar@gmail.com','','Coder','Coder','Coder',NULL,NULL,NULL,0,'NIT Durgapur'),('Vinesh','Vijayan','M','08/MME/12','MME','Third','vijayan_vinesh@yahoo.com','','vian','Lancelot','Vertigo',NULL,NULL,NULL,0,'NIT Durgapur'),('pulkit','jain','M','09/mca/37','MCA','Second','kyunbatao@gmail.com','9711587744','4th idiot','qwerty','4th idiot',NULL,NULL,NULL,0,'nitd'),('mustafha','shah','M','09/cse/16','CSE','Second','nooraindanish@gmail.com','9832403033','mustafha','bhosadiwala','d3',NULL,NULL,NULL,0,'nit durgapur'),('Rajat','kansal','M','133','IT','First','rajat.ag12@gmail.com','','rajatag12','krishna','rajatag12',NULL,NULL,NULL,0,'NITD'),('Saurav','Sharma','M','09/CSE022','CSE','Second','sauravsharma001@gmail.com','9002943980','saurav','degenerationx','DX',NULL,NULL,NULL,0,'NIT Durgapur'),('Nikita','Agarwal','F','09/cse/13','CSE','Second','nikita.ag25@gmail.com','9163447564','kk','9836327264','Wrangler',NULL,NULL,NULL,0,'NIT'),('DEVRAJ','CHOUHAN','M','08EEACS030','CE','Third','devraj.singh98@gmail.com','9887917476','DEVRAJ_GOD','programmer','MASTER_OF_CODE',NULL,NULL,NULL,0,'GOVT. ENGG. COLLEGE AJMER'),('Prashant','Singhaniya','M','55','ECE','Fourth','prashant_singhaniya@yahoo.com','','Marine','Commando','Marines',NULL,NULL,NULL,0,'NIT Durgapur'),('kingkhan','kingkhan','M','kingkhan','BT','First','kingkhan@gmail.com','','kingkhan','kingkhan','kingkhan',NULL,NULL,NULL,0,'kingkhan'),('sayan','bhunia','M','09/ECE/06','ECE','Second','sayanpb@gmail.com','9475429445','suckzz','12345678','busted',NULL,NULL,NULL,0,'NIT DGP'),('navin','agarwal','M','08/it/07','IT','Third','navin0706@gmail.com','9832637705','itsme','itsme!@#','itsme',NULL,NULL,NULL,0,'nit d'),('ankur','pratik','M','08/cse/09','CSE','Third','ankurocks001@gmail.com','9832274734','nobody','madhukunj','nobody',NULL,NULL,NULL,0,'nitdgp'),('Arjun','Lath','M','05/MME/1','MME','Fourth','arjunlath@gmail.com','09500184524','bluelotus','kxt7960id2sc','bluelotus',NULL,NULL,NULL,0,'NIT Durgapur'),('X','Y','M','08/CSE/','CSE','Third','staycoolwithmoon@gmail.com','','intel','intel','intel',NULL,NULL,NULL,0,'NITD'),('Saurav','Agarwal','M','09/ME/87','ME','Second','agr.saurav1@gmail.com','9749937189','agr.saurav1','welcome','deCodec',NULL,NULL,NULL,0,'NITD'),('Amit','Datta','M','10/110','ME','First','amitdatta1806082599@gmail.com','9609674694','amitdatta','amit2599','204',NULL,NULL,NULL,0,'National Institute of Technology, Durgapur'),('Asmit','De','M','10/341','CSE','First','eruku.ade@gmail.com','','eruku','gnu.1123581321','sysprog',NULL,NULL,NULL,0,'NIT Durgapur'),('abhishek','gupta','M','na','CSE','Second','abhii.cse.nitdgp@gmail.com','23424242','abhishek','abhishek','abhi',NULL,NULL,NULL,0,'NA'),('Sudipto','Chatterjee','M','08/MME/44','MME','Third','sudiptochatterjeeonline@gmail.com','09002944190','Sudipto','bittoo','Duncan',NULL,NULL,NULL,0,'NIT Durgapur, Durgapur'),('Mukul','Chand Yadav','M','08/IT/59','IT','Third','muks_3364@yahoo.co.in ','09232244961','Mukul','mukul','Duncan',NULL,NULL,NULL,0,'NIT Durgapur, Durgapur'),('Churamani','Prasad','M','08002049','CHE','Third','cprasad111@gmail.com','9769798483','studio','standard,chura*','dell',NULL,NULL,NULL,0,'iit bombay'),('Keshav','gupta','M','10/cse/22','CSE','First','guptakeshav24@yahoo.com','9476325291','kesh','harivansh','hackerkeshav',NULL,NULL,NULL,0,'nit durgapur'),('Anupam','Malviya','M','08/IT/62','IT','Third','anupammalviya.nidgp@gmail.com','9614745343','anupam1990','durgapur','maximus',NULL,NULL,NULL,0,'NIT-Durgpaur'),('kartikeya','singh','M','10/207','CSE','First','kartikeyasingh007@yahoo.co.in','9477772875','kartikeya','ronaldo','hackerkeshav',NULL,NULL,NULL,0,'nit,durgapur'),('adil','mirza','M','10/235','CE','First','adilkamranmirza@gmail.com','9126007303','ak47','alldayidream','crackaton',NULL,NULL,NULL,0,'NIT,Durgapur'),('prabhath','kamarapu','M','09/it/58','IT','Second','prabhath14411@gmail.com','9002948665','prabhu','prabhath14411','prabhas22',NULL,NULL,NULL,0,'nit durgapur'),('vinit','patil','M','07/ee/34','EE','Fourth','patil.vinit9@gmail.com','09933911258','hacker','zxcvbh','elite',NULL,NULL,NULL,0,'nit durgapur'),('Satadal','Sengupta','M','09/CSE/75','CSE','Second','satadal.sengupta.nit@gmail.com','9775719910','satastatic','jataito','phlegmatic',NULL,NULL,NULL,0,'NIT Durgapur'),('arijit','mandal','M','08/it/49','IT','Third','arijitcena3280@gmail.com','09002580750','arijit','johncenajohncena','aag',NULL,NULL,NULL,0,'nit durgapur'),('Sneh','Bansal','M','09/CSE/03','CSE','Second','snehbansal2000@gmail.com','9679988169','sneh','enter','sneh',NULL,NULL,NULL,0,'NIT Durgapur'),('GAURAV','KHETAN','M','09/ECE/52','ECE','Second','gaurav.khetan15@gmail.com','09432969266','gauravk','singabonga','d nocturnals',NULL,NULL,NULL,0,'NIT-D'),('sushant ','gupta','M','09/it/37','IT','Second','meamolsushant1990@gmail.com','7602968634','fat_beast','jaimahadev','beast',NULL,NULL,NULL,0,'nit durgapur'),('Samikshan','Bairagya','M','09/CSE/42','CSE','Second','samikshan@gmail.com','9432836660','naxtre','pupicuti','naxtre',NULL,NULL,NULL,0,'NIT Durgapur'),('mumai','tamuli','M','78','ME','Fourth','hsubhashis@gmail.com','','oozeout','oozeout','oozeout',NULL,NULL,NULL,0,'NIT'),('ravi','ojha','M','08/287','IT','Third','rbojha008@gmail.com','8016778771','jogger','rabhiojha','jogger',NULL,NULL,NULL,0,'NIT'),('pragnya sagar','choudhury','M','08/cse/46','CSE','Third','sagarchoudhury56@gmail.com','9433234289','sagar_08','sagar','roxy_08',NULL,NULL,NULL,0,'NIT,dgp'),('Vijay','Srivastva','M','09/mca/33','MCA','Second','rjskmr.pnda@gmail.com','8927026973','PVR','rajesh','PVR cinemas',NULL,NULL,NULL,0,'N I T Durgapur'),('pradeep','singh','M','08/IT/36','IT','Third','pradeepk105@gmail.com','9547969945','paddy','ramram','paddycoder',NULL,NULL,NULL,0,'NIT'),('pramod','jayswal','M','09/cse/56','CSE','Second','pramod_jayswal@rediffmail.com','9547778925','arpmod826','jaychand','arpmod',NULL,NULL,NULL,0,'NITD'),('a','b','M','a','CSE','Fourth','abc_def@gmail.com','5555555555','hi','hi','abcd',NULL,NULL,NULL,0,'a'),('shivangi','srivastava','F','09/it/67','IT','Second','shivangikity2009@gmail.com','9547052381','shivangi','srivastava','shoooz',NULL,NULL,NULL,0,'nit dgp'),('d','u','M','00','CSE','Fourth','davin_uno@yahoo.com','9999999999','davin_uno','davincoder','davin_uno',NULL,NULL,NULL,0,'nit'),('shiba','panigrahi','M','001','CSE','Second','shibacool143@gmail.com','9692974612','shibacool143','sriyaa','shiba',NULL,NULL,NULL,0,'khallikote auto college'),('vikash','kumar','M','08/cse/28','CSE','Third','vikash.nitdgp9007@gmail.com','9932046091','m_v','vikash','matrix',NULL,NULL,NULL,0,'NIT Durgapur'),('baroug','ykab','M','08/CSE/00','CSE','Third','its.gourab1@gmail.com','09609665384','baky','bishal','baky',NULL,NULL,NULL,0,'NIT-Dgp'),('Vijay','Sah','M','09/CSE/55','CSE','Second','nimitonline@gmail.com','9681994046','vjnim','popular1','nimvj',NULL,NULL,NULL,0,'NIT Durgapur'),('animesh','pandey','M','09/it/65','IT','Second','animeshinmotion@gmail.com','9641562387','animesh','2010','animesh',NULL,NULL,NULL,0,'NIT durgapur'),('rajarshi','sahani','M','09/IT/29','IT','Second','rajarshisahani@gmail.com','','zetto','zetto','zetto',NULL,NULL,NULL,0,'NIT DGP'),(' buchki','buchki','F','08/IT/10','IT','Third','buchki@gmail.com','9346215887','vedam','vedam','vedam',NULL,NULL,NULL,0,'NIT durgapur'),('abhishek','khanna','M','09/IT/76','IT','Second','abhishekkhanna.01@gmail.com','9547052450','abhi','abhiCODECRACKER','invincibles',NULL,NULL,NULL,0,'NIT DGP'),('vikash','kumar','M','28','CSE','Third','vikash.nitdgp9007@gmail.com','','me_vikash7','vikash77','matrixxx',NULL,NULL,NULL,0,'NIT Durgapur'),('Abhinav','Risal','M','09/CSE/59','CSE','Second','abhinavrisal@yahoo.com','9547969930','abhinavrisal','abhinav2010','Abhinav',NULL,NULL,NULL,0,'NIT Durgapur'),('ROHIT','VERMA','M','09/CSE/71','CSE','Second','rohitistheone@gmail.com','9474096397','Rohit208','nith3','3-208',NULL,NULL,NULL,0,'NITD'),('Anuj','Gautam','M','08/cse/53','CSE','Third','anujkumarstp@gmail.com','','anujvikas','vikasanuj','neo',NULL,NULL,NULL,0,'NIT DURGAPUR'),('N','A','F','09/cse/13','CSE','Second','nikita.ag25@gmail.com','9330108049','NA','oops','Kiddo!',NULL,NULL,NULL,0,'NIT durgapur'),('arjya','nathvani','M','07/cse/08','CSE','Fourth','arjyanathvani@gmail.com','9734224352','arjya nathvani','abcdef','handakafunda',NULL,NULL,NULL,0,'nit durgapur'),('shruti','tiwari','F','09/it/84','IT','Second','swatinit118@gmail.com','95470520342','incredibleindia','7668144044','incredible',NULL,NULL,NULL,0,'nitdgp'),('subhajit','sadhu','M','08/cse/03','CSE','Third','babai.emperor@gmail.com','9475642081','master_mind','subhajit','master_mind',NULL,NULL,NULL,0,'nit dgp'),('vizes','dash','M','08/cse/71','CSE','Third','resurrection.crisis@gmail.com','9002943957','blitzkrieg','fuckyou','blitzkrieg',NULL,NULL,NULL,0,'nit dgp'),('Anurag','Saha','M','09/it/04','IT','Second','gunners17@gmail.com','9932862135','reddevil','manutd19','manunited',NULL,NULL,NULL,0,'nit durgapur'),('Saurabh','Araiyer','M','09/cse/50','CSE','Second','sizzsa@gmail.com','9002948106','enigma@3','qwertyasdf','enigmatic',NULL,NULL,NULL,0,'NIT Durgapur'),('Dhiraj','Singh','M','08/cse/40','CSE','Third','singh.dhiraj89@ymail.com','9836508555','kjd_sin','08/cse/401106AX','Craft',NULL,NULL,NULL,0,'NIT durgapur'),('ankush','goyal','M','08100EN002','CSE','Third','ankush.goyal.19@gmail.com','9889482168','ankush_goyal','ramayan','ankush_goyal',NULL,NULL,NULL,0,'IT-BHU'),('Ritesh','Kayal','M','09/cse/28','CSE','Second','riteshkyal@gmail.com','+919883670063','ritesh','ucanwinme','compile',NULL,NULL,NULL,0,'NIT, Durgapur'),('shailesh','singh','M','08Ec3022','ECE','Third','shailesh17.singh@gmail.com','9735596698','shailesh','singh183800','ssbond',NULL,NULL,NULL,0,'IIT KGP'),('Sunil','Kumar','M','10/745','IT','First','sunilkumarsheoran@gmail.com','09474873569','Sunilkumarsheor','SUNILLINUS','SunilKumar',NULL,NULL,NULL,0,'NIT Durgapur'),('rakesh','ranjan','M','14','MCA','First','rakesh.nit.mca@gmail.com','+917679602413','rakes','9308130991','hat6',NULL,NULL,NULL,0,'NIT DURGAPUR'),('Akash','Mishra','M','10/746','MME','First','akash.mishra.2k8@gmail.com','7679416396','Akash_mishra','I am BUSY','just_beginners',NULL,NULL,NULL,0,'NIT-D'),('Aaghran','Ghosh','M','10/777','IT','','aaghran@gmail.com','9432273630','aaghran','cobra1','aaghran',NULL,NULL,NULL,0,'NIT-D'),('diptojit','datta','M','10/761','CE','First','dipto.datta@gmail.com','9681869947','dip_rox','higuro','Diptojit',NULL,NULL,NULL,0,'NIT Durgapur'),('diptojit','datta','M','10/761','CE','First','dipto.datta@gmail.com','9681869947','dip_roxx','higuro','Diptojit',NULL,NULL,NULL,0,'NIT Durgapur'),('pradeep','kumar','M','08/ece/64','ECE','Third','pradeepkumar718@gmail.com','9547052389','pradeep kumar','sspsspssp','ssp',NULL,NULL,NULL,0,'NIT Durgapur'),('SHYAM','SINGH','M','08/CSE/41','CSE','Third','singh.shakya008@gmail.com','9800931465','shakya','singh2008','shakya',NULL,NULL,NULL,0,'NIT Durgapur'),('Rohit','Kumar','M','09/EE/76','EE','Second','rohitycsc@gmail.com','9679635690','qwerty','qwerty','rockers',NULL,NULL,NULL,0,'N.I.T. Durgapur'),('Anand','Verma','M','07/IT/03','IT','Fourth','verma.anand09@gmail.com','','asdfg','crackcode','asdfg',NULL,NULL,NULL,0,'NIT Durgapur'),('indiana','jones','M','nbkkjnln','CSE','Third','whitehorse16@gmail.com','1515151616','binary','123654789','firewall',NULL,NULL,NULL,0,'vvjjvjj'),('Ayush ','Rajoria','M','10/IT/230','IT','First','ayushhot1992@gmail.com','8981777438','ayush1992','nitdurgapur','CodeFire',NULL,NULL,NULL,0,'Nit Durgapur'),('Umang','Mall','M','10/249','CHE','First','umang.the.unlimited@gmail.com','9002364307','umang1992','bhagwati','CodeFreak',NULL,NULL,NULL,0,'NITDGP'),('Gmail','gmail','M','gmail/1231','ME','Third','google@gmail.com','','gmail','gmail','gmail',NULL,NULL,NULL,0,'gmail'),('Ankesh','Khemani','M','07/CSE/04','CSE','Fourth','this.is.ankesh@gmail.com','9831652488','ankesh.khemani','123456','Grey Hat',NULL,NULL,NULL,0,'NIT Durgapur'),('vijay','kumar','M','56','IT','Third','nitdgpvijay@gmail.com','9563779402','codermal','gangster','codermal',NULL,NULL,NULL,0,'nit-durgapur'),('a','b','M','001','IT','First','abcd_1234@yahoo.com','','abcd1234','abcd','abcd1234',NULL,NULL,NULL,0,'a'),('Anand','Verma','M','07/it/03','IT','Fourth','verma.anand09@gmail.com','','pyav','crackcode','pyav',NULL,NULL,NULL,0,'NIT Durgapur'),('Anand','Verma','M','07/IT/03','IT','Fourth','verma.anand09@gmail.com','','stealth','crackcode','stealth',NULL,NULL,NULL,0,'NIT Durgapur'),('diwas','kandel','M','08/it/68','IT','Third','nothingseriousaboutme@gmail.com','9126040801','ashu','diwas','ashu',NULL,NULL,NULL,0,'nit durgapur'),('red','machine','M','','IT','Fourth','redmachine@redmachine.com','','redmachine','red','redmachine',NULL,NULL,NULL,0,'NIT Durgapur'),('nsckgjyaanq','nsckgjyaanq','M','ykXeoDilPG','CE','Second','azmhji@dumbqz.com','44572679714','nsckgjyaanq','DBOSg','nsckgjyaanq',NULL,NULL,NULL,0,'azmhji@dumbqz.com'),('sunava','pattanayak','M','10/711','BT','First','sunavauru@gmail.com','8017102486','black horse','abhinav','HORROR',NULL,NULL,NULL,0,'NIT DGP'),('vignesh','prabhu','M','05/CSE/41','CSE','Fourth','tvigneshprabhu@gmail.com','9535321976','viggy','viggy','viggy',NULL,NULL,NULL,0,'NIT-Durgapur'),('Avinash','Sonawane','M','2507','IT','Second','dadasden@gmail.com','9637714802','AaronStone','nature143','pict',NULL,NULL,NULL,0,'Pune Institute Of Computer Technology, Pune'),('rahul','agarwal','M','51','IT','Second','rahulagarwal2801@gmail.com','+919749866806','rahulag.','college','agarwalrahul',NULL,NULL,NULL,0,'techno india,saltlake.'),('sunava','pattanayak','M','10/711','BT','First','sunavauru@gmail.com','8017102486','black_horse','kunal','322',NULL,NULL,NULL,0,'NIT DGP'),('Anuj','Kalbalia','M','07/IT/13','IT','Fourth','anuj.kalbalia@gmail.com','9432932986','anuj','qwerty','anuj',NULL,NULL,NULL,0,'NIT Durgapur'),('Manish','Kumar','M','08/IT/01','IT','Third','manishkr2290@gmail.com','7679269770','General','luvurfamily','President3',NULL,NULL,NULL,0,'NIT Durgapur'),('Pulkit','Jain','M','09/CSE/30','CSE','Second','mighty.pulkit@gmail.com','9831505888','blatant','09it11','teamxrg',NULL,NULL,NULL,0,'NIT Durgapur'),('enjoy','enjoy','M','08cs42','IT','Second','diggi.sneh@gmail.com','','enjoy','quantum','enjoy',NULL,NULL,NULL,0,'IT- BHU'),('Sushant','Gupta','M','09/IT/37','IT','Second','meamolsushant1990@gmail.com','7602968634','amol_beast','radhamadhav','krishna',NULL,NULL,NULL,0,'Nit Durgapur'),('vikas','singh','M','18','MCA','Second','shyguy1188@gmail.com','9547418193','shyguy1188','shyguy','shyguy1188',NULL,NULL,NULL,0,'nit-d'),('ashu','ahj','M','132','IT','Third','ajha172@gmail.com','','abs','abs','abs',NULL,NULL,NULL,0,'Dgp'),('code','decode','M','1911','CSE','First','code_decode@gmail.com','0987654321','Codecode','edoc','Codecode',NULL,NULL,NULL,0,'coderville'),('boka','junior','M','654','BT','Second','mintumks.karmakar@gmail.com','7892548930','boka','7602652091','boka',NULL,NULL,NULL,0,'NITD'),('202','202','M','202','CSE','Fourth','abc_123@gmail.com','','202','202','202',NULL,NULL,NULL,0,'202'),('Anand','Gautam','M','BE/1305/08','CSE','Third','adddyyy89@gmail.com','9955005222','anand_bitmesra','9955005222','InfiniteLopp',NULL,NULL,NULL,0,'BIT Mesra'),('guddu','monty','M','08/IT/22','IT','Third','guddu.monty@gmail.com','9432383470','guddu.monty','23215431','pras_5431',NULL,NULL,NULL,0,'nit durgapur'),('saurajeet','Dutta','M','MCA/103809','MCA','Second','vention.gothics@gmail.com','','dutta','dutta','dutta',NULL,NULL,NULL,0,'Birla Institute Of Technology'),('manem','charan kumar','M','27','CSE','Third','manem19@yahoo.com','9007368779','charan','charan','charan',NULL,NULL,NULL,0,'kgec'),('lynckikeevove','lynckikeevove','M','','BT','1967','artectarl@antimir.net','00971503139084','lynckikeevove','F0Ti0VH217','lynckikeevove',NULL,NULL,NULL,0,'AIPX'),('rajeev','kumar','M','21','IT','Third','avinab33@gmail.com','9903122749','reever','amandeep','trinity',NULL,NULL,NULL,0,'dumkal institute of engineering and technology'),('vintersana','vintersana','M','','BT','1963','u..t.o.m.asz11@gmail.com','09186765992','vintersana','zNFbydn492','vintersana',NULL,NULL,NULL,0,'CSUDH'),('Abhishek','Mukherjee','M','3','CSE','Third','ottomanturk4u@gmail.com','','motred','24025253','Coders',NULL,NULL,NULL,0,'Jadavpur University'),('kalpesh','mewara','M','52188490','MCA','Third','kalpesh@codecracker.com','9462426240','kalpesh','1357267','kalpesh',NULL,NULL,NULL,0,'mds univ'),('bintterazmwek','bintterazmwek','M','','BT','1987','k.awalwafla@gmail.com','09186765992','bintterazmwek','61g4xhD535','bintterazmwek',NULL,NULL,NULL,0,'BS Auburn MA Webster'),('SobinGeorge','Thomas','M','20','CE','Fourth','sobingt@gmail.com','9969569927','sobingt','sobin123','Bit Brothers',NULL,NULL,NULL,0,'Xavier Institute of Engineering'),('sushant','pandey','M','a','CSE','Third','sushant.cool.17@gmail.com','9999999999','a','a','a',NULL,NULL,NULL,0,'a'),('RAJPRAKASH','YADAV','M','10807571','IT','Fourth','raazprakash@yahoo.com','9677229588','raazprakash','raaz9677229588','techwizards',NULL,NULL,NULL,0,'SRM University'),('ArmiashkaCheburek','ArmiashkaCheburek','M','','BT','1982','vasilisaandreeva2.010@gmail.com','09186765992','ArmiashkaCheburek','WP0nvGe775','ArmiashkaCheburek',NULL,NULL,NULL,0,'Ateneo de Davao'),('Koushik','Ghosh','M','102043236','CSE','First','koushikko@yahoo.co.in','8016129450','iamrokr','rokr','rokr',NULL,NULL,NULL,0,'Bengal college of engineering and technology'),('navin','agarwal','M','08/it/07','IT','Third','navin_blast@yahoo.co.in','9832637705','navinag','2167969979','navinag',NULL,NULL,NULL,0,'nit d'),('navin','agarwal','M','08/it/07','IT','Third','navin0706@gmail.com','sdfsdfsd','==','itsme','navinag',NULL,NULL,NULL,0,'nit d'),('Harshwardhan','Choudhary','M','08/CSE/10','CSE','Third','harshwardhan91@gmail.com','9432839353','FranC','680984shyama','FranC',NULL,NULL,NULL,0,'NIT Durgapur'),('some','last','M','1234','','','c3904963@pjjkp.com','','c3904963','fuckyou','c3904963',NULL,NULL,NULL,0,'none'),('','','M','','','','','','','fd9c06cbf5','',NULL,NULL,NULL,0,''),('Petr','Mitrichev','M','97/231','CSE','Fourth','petr.mitrichev@topcoder.com','8912882391','ACRush','mitrichev','ACRush',NULL,NULL,NULL,0,'Moscow State University'),('navin','agarwal','M','08/it/07','IT','Third','navin0706@gmail.com','9832637705','letsdoit','letsdoit','letsdoit',NULL,NULL,NULL,0,'nit d'),('Petr','Mitrichev','M','97/231','BT','First','petr.mitrichev@topcoder.com','sefseffwfe','asdadsada','asdfgh','asdadsada',NULL,NULL,NULL,0,'Moscow State University'),('afesdfl;','k;dsmf;','M',';lsf;','EE','First','oidsf2@gmail.com','asdafafafd','asdad','!@#$%','asdad',NULL,NULL,NULL,0,'l;smdfl;'),('vipin','kumar','M','07/cse/21','CSE','Fourth','vipin3105@gmail.com','9932136018','vipin3105','vipin3105','vipin3105',NULL,NULL,NULL,0,'nit durgapur'),('Biswajit','Pain','M','cse-60','CSE','Second','bpain2010@gmail.com','9800800863','biswajit2010','qwerty','biswajit2010',NULL,NULL,NULL,0,'Kalyani Govt Engg. College'),('Ranjan','Mondal','M','41','CSE','Second','ranjanmondal1@gmail.com`','9800800863','ranjan','9800800863','ranjan',NULL,NULL,NULL,0,'Kalyani Govt Engg. College'),('Ayush','Sengupta','M','B080545CS','CSE','Third','ayushsngpt007@gmail.com','9746894360','ayushsn1','abcde','ayushsn1',NULL,NULL,NULL,0,'NIT Calicut'),('Rohan','Ghosh','M','10/212','CSE','First','rohangullu@gmail.com','9432283488','rags007','dattebayo','rags007',NULL,NULL,NULL,0,'NIT Durgapur'),('Praveen','Kumar','M','07/IT/40','IT','Fourth','praveenrocking2008@gmail.com','9232575381','kumarpraveen','9232575381','kumarpraveen',NULL,NULL,NULL,0,'NIT Durgapur'),('navin','agarwal','M','08/it/07','','','nav.luvme@gmail.com','','navin','navin','navin',NULL,NULL,NULL,0,'nit d'),('sonam ','kapoor','M','06/it/10','IT','Fourth','fulltalktime@gmail.com','90290129092','ahemahem','timebomb','ahemahem',NULL,NULL,NULL,0,'NIT D'),('RAVI','OJHA','M','07/it/31','IT','Fourth','raviojha23@gmail.com','9831674210','raviojha23','kramermannam','raviojha23',NULL,NULL,NULL,0,'NIT,durgapur'),('Monty','........','M','08/IT/22','IT','Third','prasantamohanty20@yahoo.com','9432383470','Monty','23215431','Monty',NULL,NULL,NULL,0,'NIT Duragapur'),('','','M','','','','et.e.ro.u.l@gmail.com','','ten2naught','ptmltrlcdcrckr','ten2naught',NULL,NULL,NULL,0,''),('Yohan','Pereira','M','','IT','First','yohan.pereira@gmail.com','9969272208','yohan','DyslexicPower','yohan',NULL,NULL,NULL,0,'Mumbai University'),('Shalini','Sah','F','10/CSE/185','CSE','First','shalini.livelyfkingsize.sah@gmail.c','9475764761','misha','nichtsistunmogli','misha',NULL,NULL,NULL,0,'National Institute Of Technology, Durgapur'),('Sanjay','Rabidas','M','09/MCA/29','MCA','Second','rabidassanjay@gmail.com','9800786287','Akinza','sanju','Akinza',NULL,NULL,NULL,0,'NITD'),('Jishnu','Mohan','M','IT07106022','IT','Fourth','jishnu7@gmail.com','919895405669','jishnu7','4ac451834a','jishnu7',NULL,NULL,NULL,0,'M.E.S College of Engineering, Kerala'),('Shalini','Sah','F','10/CSE/185','CSE','First','shalinisah.luv4coding@gmail.com','9641148462','misha220284','db912c98bf','misha220284',NULL,NULL,NULL,0,'National Institute Of Technology, Durgapur'),('Dhiraj','Singh','M','10/707','IT','First','meetdhiraj001@gmail.com','9883902271','kingdhiru','26668493','kingdhiru',NULL,NULL,NULL,0,'NIT,Durgapur'),('shree','','M','1','MCA','Third','pshreee@gmail.com','','jarad','pretender409','jarad',NULL,NULL,NULL,0,'a'),('Koustubh','Sinkar','M','40','ECE','Fourth','shopkeeper88-competitions@yahoo.co.','09768419066','ksinkar','mirodov','ksinkar',NULL,NULL,NULL,0,'Thadomal Shahani Engineering College'),('apurv','priyadarshi','M','10141','CHE','First','priyadarshi.apurv@gmail.com','7607456400','NEEDLE','WATERWATER','NEEDLE',NULL,NULL,NULL,0,'iitk'),('avijit','dey','F','06','CSE','First','bpain2010@gmail.com','7874695216','abi','123456','abi',NULL,NULL,NULL,0,'kgec'),('Tanmoy','Das','M','56','CSE','Second','tdamarbasanta@gmail.com','9903585826','TanmoyDas','codecracker','TanmoyDas',NULL,NULL,NULL,0,'Kalyani Government Engineering college'),('Aditya','Saraf','M','08/IT/61','IT','Third','adi1234550@gmail.com','9874129665','Aditya','abc123','Aditya',NULL,NULL,NULL,0,'NIT Durgapur'),('sunny','prakash','M','1MS08IS118','IT','Third','sunny.phy2k@gmail.com','07795714643','sunny','is118','sunny',NULL,NULL,NULL,0,'MSRIT'),('suhash venkatesh','puppala','M','106107015','CSE','Fourth','suhash.venkatesh@gmail.com','+919894097557','suhash','ilovemyfriends','suhash',NULL,NULL,NULL,0,'NIT Trichy'),('kalyan','chiratla','M','507','CSE','Fourth','kalyan_507@yahoo.com','9014417745','kalyan507','infrared507','kalyan507',NULL,NULL,NULL,0,'BVC'),('ashik','jamal','M','09/mca?31','MCA','Second','ashikjamalmca@gmail.com','8101055354','ashi123','ashikbabu','ashi123',NULL,NULL,NULL,0,'NIT DGP'),('srikanth','tsr','M','o9/mca/58','MCA','Second','tsr.srikanth@gmail.com','9547277061','srikanth','435766','srikanth',NULL,NULL,NULL,0,'NITDGP'),('X','Y','M','xx/xxx/xx','MCA','Third','afrose_moon@yahoo.co.in','','qwert','qwert','qwert',NULL,NULL,NULL,0,'NIT-D'),('Rahul','Kar','M','08','IT','First','rahul.kar47@gmail.com','','yxrkt512','publicaccess','yxrkt512',NULL,NULL,NULL,0,'RCCIIT'),('s','s','M','409','','','getshirish22@gmail.com','','getshirish22','jarad22','getshirish22',NULL,NULL,NULL,0,'fcrit'),('deboleen','roychowdhury','M','29','CSE','First','deboleen.rc@gmail.com','9874281805','debol66','fuckyou3321','debol66',NULL,NULL,NULL,0,'fiem'),('sidharth','awasthi','M','be564209','CSE','Second','sidharthawasthi31@gmail.com','9693153501','sidharthawasthi','qwertyqazsidshiv','sidharthawasthi',NULL,NULL,NULL,0,'bit patna'),('Pratik','Bhattacharya','M','10-CSE-184','CSE','First','www.pratik_debate@yahoo.in','+919830313618','pratikcode','creativity','pratikcode',NULL,NULL,NULL,0,'nitdgp'),('Sagar','Borkar','M','CS10M053','CSE','','b.sagar88@gmail.com','','samba123','ababab','samba123',NULL,NULL,NULL,0,'IITM'),('Harshad','Jalan','M','41','ECE','Third','harshadjalan@hotmail.com','9903970971','headrush','yellow','headrush',NULL,NULL,NULL,0,'NIT DGP');
/*!40000 ALTER TABLE `user` ENABLE KEYS */;
UNLOCK TABLES;

--
-- Temporary table structure for view `user_scores`
--

DROP TABLE IF EXISTS `user_scores`;
/*!50001 DROP VIEW IF EXISTS `user_scores`*/;
SET @saved_cs_client     = @@character_set_client;
SET character_set_client = utf8;
/*!50001 CREATE TABLE `user_scores` (
  `tname` varchar(20),
  `score` int(11),
  `solved` varchar(40),
  `sub` int(11),
  `timestmp` timestamp,
  `rank` int(11)
) ENGINE=MyISAM */;
SET character_set_client = @saved_cs_client;

--
-- Final view structure for view `user_scores`
--

/*!50001 DROP TABLE IF EXISTS `user_scores`*/;
/*!50001 DROP VIEW IF EXISTS `user_scores`*/;
/*!50001 SET @saved_cs_client          = @@character_set_client */;
/*!50001 SET @saved_cs_results         = @@character_set_results */;
/*!50001 SET @saved_col_connection     = @@collation_connection */;
/*!50001 SET character_set_client      = utf8 */;
/*!50001 SET character_set_results     = utf8 */;
/*!50001 SET collation_connection      = utf8_unicode_ci */;
/*!50001 CREATE ALGORITHM=UNDEFINED */
/*!50013 DEFINER=`root`@`localhost` SQL SECURITY DEFINER */
/*!50001 VIEW `user_scores` AS select `score`.`tname` AS `tname`,`score`.`score` AS `score`,`score`.`solved` AS `solved`,`score`.`sub` AS `sub`,`score`.`timestmp` AS `timestmp`,`score`.`rank` AS `rank` from `score` order by (`score`.`score` - `score`.`sub`) desc,`score`.`timestmp` */;
/*!50001 SET character_set_client      = @saved_cs_client */;
/*!50001 SET character_set_results     = @saved_cs_results */;
/*!50001 SET collation_connection      = @saved_col_connection */;
/*!40103 SET TIME_ZONE=@OLD_TIME_ZONE */;

/*!40101 SET SQL_MODE=@OLD_SQL_MODE */;
/*!40014 SET FOREIGN_KEY_CHECKS=@OLD_FOREIGN_KEY_CHECKS */;
/*!40014 SET UNIQUE_CHECKS=@OLD_UNIQUE_CHECKS */;
/*!40101 SET CHARACTER_SET_CLIENT=@OLD_CHARACTER_SET_CLIENT */;
/*!40101 SET CHARACTER_SET_RESULTS=@OLD_CHARACTER_SET_RESULTS */;
/*!40101 SET COLLATION_CONNECTION=@OLD_COLLATION_CONNECTION */;
/*!40111 SET SQL_NOTES=@OLD_SQL_NOTES */;

-- Dump completed on 2011-02-17 14:18:27
